customer_id,person_type,legal_name,trade_name,tax_id,state_registration,email,phone,customer_is_active,customer_created_at,customer_updated_at
1,PJ,Alves e Filhos S.A.,da Cruz,11713629000103,321819600,alves.e.filhos.s.a.1@example.com,5533989083863,True,2023-03-31 02:40:24,2026-02-06 22:34:19
2,PF,Lara Abreu,nan,72890168662,nan,lara.abreu.2@example.com,55065942351161,False,2021-04-16 19:11:04,2025-08-10 09:44:20
3,PF,Dr. João Aparecida,nan,21754824560,nan,dr.jo.o.aparecida.3@example.com,55081961849593,True,2022-07-13 09:24:05,2025-08-29 18:44:03
4,PJ,Aparecida e Filhos Ltda,Vargas da Rocha S/A,61265639000193,316475255,aparecida.e.filhos.ltda.4@example.com,5541992832764,True,2023-06-25 23:00:38,2026-06-30 06:11:38
5,PF,Hellena Rodrigues,nan,93400262684,nan,hellena.rodrigues.5@example.com,5503905641395,True,2020-07-29 03:14:39,2020-08-07 02:26:40
6,PF,Theo Gonçalves,nan,429721404,nan,theo.gon.alves.6@example.com,55024923884969,True,2022-12-06 20:43:52,2023-02-22 04:50:26
7,PF,Maria Cecília Câmara,nan,99767757171,nan,maria.cec.lia.c.mara.7@example.com,55087910122691,True,2024-04-23 19:44:19,2026-01-14 07:04:43
8,PF,Maria Helena Peixoto,nan,15181443060,nan,maria.helena.peixoto.8@example.com,55084980184514,True,2022-11-20 00:43:52,2025-01-25 00:11:35
9,PF,Eduarda Marques,nan,42188462009,nan,eduarda.marques.9@example.com,5548928148932,True,2021-11-09 07:41:03,2023-08-24 19:45:20
10,PF,Sr. Vitor Hugo Vasconcelos,nan,31005262446,nan,sr.vitor.hugo.vasconcelos.10@example.com,5509957015430,True,2022-03-20 14:47:20,2024-12-13 23:49:54
11,PJ,Nunes Barros S/A Ltda,Azevedo,30591520000187,822782489,nunes.barros.s.a.ltda.11@example.com,5538934657871,True,2025-12-26 06:00:47,2026-01-25 18:03:52
12,PF,Henry Gabriel Azevedo,nan,48171305636,nan,henry.gabriel.azevedo.12@example.com,5509983930103,True,2025-11-23 08:02:39,2026-01-08 13:45:22
13,PJ,Andrade Ltda.,nan,95941359000170,183473829,andrade.ltda.13@example.com,5573976311656,True,2022-12-30 13:12:43,2023-11-04 14:52:19
14,PJ,Martins ME,nan,23062378000115,ISENTO,martins.me.14@example.com,5572962473178,True,2026-05-07 03:02:50,2026-09-15 01:08:44
15,PJ,Aragão e Filhos Ltda,Borges S.A.,3855975000190,267736026,arag.o.e.filhos.ltda.15@example.com,5564974687234,True,2021-01-14 15:47:55,2023-08-24 18:40:07
16,PF,Benjamin Pacheco,nan,21166696189,nan,benjamin.pacheco.16@example.com,5505900978820,True,2022-08-27 21:48:54,2025-02-13 01:04:07
17,PJ,Cirino S/A S.A.,Rocha S.A.,56132960000160,619399091,cirino.s.a.s.a.17@example.com,5599985435346,True,2022-04-02 12:46:14,2024-11-29 13:16:07
18,PJ,Rios Ramos Ltda.,Dias,21989622000164,107991183,rios.ramos.ltda.18@example.com,5542951354278,True,2026-11-05 09:22:36,2026-12-21 05:58:33
19,PF,Sra. Vitória Albuquerque,nan,2524336107,nan,sra.vit.ria.albuquerque.19@example.com,5541924118244,True,2021-04-27 19:48:55,2021-08-17 19:52:09
20,PJ,Silva Fernandes S.A.,Montenegro,88142597000150,740164005,silva.fernandes.s.a.20@example.com,55042978680112,True,2024-11-09 22:42:24,2025-07-06 19:31:09
21,PF,Ana Carolina Freitas,nan,44728487164,nan,ana.carolina.freitas.21@example.com,5582962045053,True,2026-11-06 05:23:26,2026-12-10 17:37:29
22,PF,Isadora Rios,nan,98235269740,nan,isadora.rios.22@example.com,5558969232260,True,2025-05-23 08:00:13,2026-10-20 18:31:13
23,PF,Lucas Gabriel Viana,nan,69638060638,nan,lucas.gabriel.viana.23@example.com,5534921607337,True,2021-05-02 05:55:24,2025-04-14 15:47:45
24,PF,Dr. Ian Câmara,nan,55512236636,nan,dr.ian.c.mara.24@example.com,5536954145868,True,2024-11-14 22:50:28,2025-07-30 14:24:33
25,PF,Sr. Danilo da Luz,nan,98582268106,nan,sr.danilo.da.luz.25@example.com,55094901965569,True,2025-06-16 08:27:29,2026-11-19 21:34:27
26,PJ,Gomes - EI EIRELI,da Cunha Aparecida e Filhos,91478345000100,608835615,gomes.ei.eireli.26@example.com,5551948465648,True,2023-09-09 13:17:51,2024-05-09 16:10:57
27,PF,Gael Leão,nan,99077203800,nan,gael.le.o.27@example.com,5529994680443,True,2020-07-18 23:36:11,2021-07-15 01:04:54
28,PJ,Viana ME,nan,4761354000100,995777387,viana.me.28@example.com,55014989513433,True,2022-08-17 12:55:05,2026-03-03 05:18:14
29,PJ,Alves Aparecida S.A.,Pimenta,76540303000169,176936763,alves.aparecida.s.a.29@example.com,55001963287083,True,2020-07-17 20:01:56,2026-09-14 09:26:43
30,PF,Rafael Carvalho,nan,98403535198,nan,rafael.carvalho.30@example.com,55088995798687,True,2021-02-24 12:52:30,2022-03-02 08:53:01
31,PJ,Souza Melo - ME,nan,20167512000154,434873471,souza.melo.me.31@example.com,5534955812236,False,2025-07-25 21:55:33,2026-01-15 20:07:07
32,PJ,Santos Cunha S/A S.A.,Jesus,60134360000108,587603669,santos.cunha.s.a.s.a.32@example.com,5596970546688,True,2022-01-17 17:43:59,2023-09-16 18:42:39
33,PJ,Mendonça Câmara Ltda.,Mendonça,26497722000197,065627298,mendon.a.c.mara.ltda.33@example.com,5569990162720,True,2022-10-17 09:00:22,2023-12-20 18:49:05
34,PJ,Garcia ME,Cunha,12720833000106,755646417,garcia.me.34@example.com,5580953100330,True,2023-01-01 13:32:59,2023-07-06 17:43:59
35,PJ,da Costa Cardoso - ME,nan,89402136000131,193745299,da.costa.cardoso.me.35@example.com,5524919049663,True,2026-12-22 19:09:09,2026-12-30 13:00:47
36,PJ,Pastor e Filhos S.A.,Caldeira Sampaio Ltda.,80054696000178,919058651,pastor.e.filhos.s.a.36@example.com,5550967165726,True,2020-02-01 19:31:11,2021-06-09 23:12:48
37,PF,Vicente Rezende,nan,77164512949,nan,vicente.rezende.37@example.com,5598977694531,True,2024-08-18 03:54:29,2025-09-26 20:53:50
38,PJ,Machado ME,nan,73208006000122,379965075,machado.me.38@example.com,55073954549480,True,2026-08-04 23:16:14,2026-12-24 03:18:38
39,PJ,Barros da Costa e Filhos S.A.,Mendonça,53669193000134,837770143,barros.da.costa.e.filhos.s.a.39@example.com,5534995788568,True,2021-12-01 04:42:01,2024-05-07 20:34:18
40,PF,Dr. Rafael da Mata,nan,26739473889,nan,dr.rafael.da.mata.40@example.com,5543913518233,True,2026-11-26 19:15:46,2026-12-14 08:34:14
41,PF,Sra. Kamilly Silveira,nan,63579866311,nan,sra.kamilly.silveira.41@example.com,5589941343524,True,2024-07-01 12:27:02,2026-01-07 20:34:45
42,PF,Vitor Cardoso,nan,48553909689,nan,vitor.cardoso.42@example.com,5500984271094,True,2023-10-04 15:21:52,2026-09-22 05:05:21
43,PJ,Mendes S.A.,Fernandes,60666029000139,204711671,mendes.s.a.43@example.com,5502929413186,True,2025-12-31 17:28:32,2026-07-08 02:01:09
44,PJ,Vasconcelos Moreira - ME,Macedo,65657070000162,496499091,vasconcelos.moreira.me.44@example.com,5534912328120,True,2022-06-28 22:25:56,2023-04-27 14:16:14
45,PF,Milena Sales,nan,10937233943,nan,milena.sales.45@example.com,5574903447134,True,2023-10-04 16:24:17,2025-07-09 14:40:23
46,PF,Fernanda Lima,nan,50760729026,nan,fernanda.lima.46@example.com,5583924210249,True,2025-09-10 07:45:41,2026-02-26 10:21:31
47,PJ,Macedo ME,Martins e Filhos,73736641000182,464887719,macedo.me.47@example.com,5565994013990,True,2022-04-05 13:50:55,2024-09-15 22:01:29
48,PF,Juliana Oliveira,nan,37888454739,nan,juliana.oliveira.48@example.com,5527987429671,True,2023-02-27 19:42:25,2024-03-16 17:23:21
49,PJ,Ferreira Ltda,nan,16325767000120,655125674,ferreira.ltda.49@example.com,5580971545168,True,2024-10-04 04:51:43,2026-11-03 11:02:49
50,PJ,Ribeiro - EI Ltda,nan,19022427000119,760385977,ribeiro.ei.ltda.50@example.com,5534982477109,True,2025-02-04 20:28:21,2026-03-28 07:36:38
51,PF,Emanuel das Neves,nan,6465786931,nan,emanuel.das.neves.51@example.com,5508961317127,True,2024-03-20 12:35:08,2024-08-26 05:42:36
52,PJ,TBD,Leão,78182247000163,773782639,moraes.eireli.52@example.com,5521946584044,True,2023-05-05 01:46:47,2025-10-31 21:18:31
53,PF,Rebeca Cassiano,nan,49528407862,nan,rebeca.cassiano.53@example.com,55087955886753,True,2021-05-23 12:58:09,2025-10-10 09:51:29
54,PF,Srta. Maria Isis da Conceição,nan,97604667830,nan,srta.maria.isis.da.concei.o.54@example.com,5505976627028,True,2021-12-16 16:28:51,2025-07-03 02:07:17
55,PF,Luísa Brito,nan,78656050052,ISENTO,lu.sa.brito.55@example.com,55018970262174,True,2026-10-16 11:30:30,2026-10-26 04:44:25
56,PF,Dr. Bruno Farias,nan,22194196226,nan,dr.bruno.farias.56@example.com,5565978091343,True,2020-11-22 05:07:56,2021-03-10 05:52:00
57,PF,Srta. Maya Brito,nan,92764905742,nan,srta.maya.brito.57@example.com,5572940050455,True,2021-03-24 11:35:45,2023-08-06 12:02:35
58,PF,Clara da Cruz,nan,10787972428,nan,clara.da.cruz.58@example.com,5569922219693,True,2023-09-24 08:27:41,2026-07-10 18:59:25
59,PF,Cecília da Conceição,nan,35703947359,nan,cec.lia.da.concei.o.59@example.com,55047940748217,True,2020-06-16 17:43:19,2025-03-10 08:56:25
60,PJ,Pastor ME,Porto,13299018000188,647436713,pastor.me.60@example.com,5595994406409,True,2024-05-28 13:28:25,2026-04-21 15:38:23
61,PF,Ana Julia Pereira,nan,59376607066,nan,ana.julia.pereira.61@example.com,55043995339421,True,2021-10-01 06:26:07,2023-03-01 08:34:01
62,PF,Ana Cecília das Neves,nan,9300997530,0,ana.cec.lia.das.neves.62@example.com,55009952145623,True,2025-05-14 04:42:14,2026-04-14 16:53:18
63,PJ,Viana Nogueira Ltda.,nan,42242226000149,884247451,viana.nogueira.ltda.63@example.com,55012936851604,True,2020-11-14 00:01:13,2022-02-20 03:24:41
64,PJ,Marques Ltda.,Pacheco,82843952000131,651370985,marques.ltda.64@example.com,5531974612004,True,2021-06-01 13:27:33,2022-05-09 21:30:32
65,PF,Bruna Brito,nan,64352107999,nan,bruna.brito.65@example.com,5582967586926,True,2024-01-17 13:19:38,2025-11-04 15:38:27
66,PF,Beatriz Mendonça,nan,50569940222,nan,beatriz.mendon.a.66@example.com,5564905377351,False,2021-01-15 12:02:13,2021-12-10 10:31:10
67,PF,Maria Eduarda Nogueira,nan,41518438415,nan,maria.eduarda.nogueira.67@example.com,5506943171390,True,2025-08-06 03:53:40,2026-04-04 15:14:34
68,PF,Lucas Gabriel da Cruz,nan,15986604628,nan,lucas.gabriel.da.cruz.68@example.com,55093918393352,True,2024-05-05 10:14:24,2026-02-13 11:43:52
69,PF,Agatha da Mota,nan,14754808061,nan,agatha.da.mota.69@example.com,55028942102053,True,2026-07-19 17:14:19,2026-09-07 21:39:39
70,PJ,Almeida Ltda,da Luz Aragão S.A.,3571767000169,681177589,almeida.ltda.70@example.com,5578939084700,True,2026-03-08 04:20:43,2026-10-14 01:10:00
71,PF,Maria Liz Lima,nan,85708243945,nan,maria.liz.lima.71@example.com,5577911592124,False,2024-08-31 09:28:54,2025-09-12 00:30:32
72,PJ,Garcia Ltda,Marques,55180747000160,896118367,garcia.ltda.72@example.com,5565976615654,True,2020-10-05 22:05:07,2021-11-22 16:20:20
73,PF,Sr. Renan Azevedo,nan,14069097856,nan,sr.renan.azevedo.73@example.com,5511961528098,True,2023-10-28 10:17:27,2026-04-29 00:31:22
74,PJ,Rios S.A.,Jesus Ltda.,73236180000189,604945198,rios.s.a.74@example.com,5527931585149,True,2024-07-06 16:02:38,2025-12-13 06:28:19
75,PJ,Lima Novais - EI EIRELI,Pereira e Filhos,71828121000174,402445502,lima.novais.ei.eireli.75@example.com,55096912018366,True,2024-02-04 17:03:13,2024-12-29 20:12:13
76,PF,Manuela Castro,nan,37997684832,nan,manuela.castro.76@example.com,5545999102290,True,2025-05-25 02:10:23,2025-07-14 21:42:10
77,PF,Anna Liz da Mata,nan,54768640834,nan,anna.liz.da.mata.77@example.com,55067997643815,True,2020-09-13 20:14:15,2024-09-23 09:25:02
78,PF,Brenda da Paz,nan,50346840716,nan,brenda.da.paz.78@example.com,5578940369003,False,2021-01-24 03:35:02,2022-01-05 06:21:04
79,PJ,Cunha EIRELI,Teixeira da Cunha Ltda.,43256953000128,510762268,cunha.eireli.79@example.com,5588951606071,True,2024-09-27 06:57:27,2026-08-07 01:47:09
80,PF,Dr. Nathan Santos,nan,22085644562,nan,dr.nathan.santos.80@example.com,5541960529751,True,2021-10-25 12:40:02,2026-01-22 18:23:58
81,PF,Bianca da Cruz,nan,37192356530,nan,bianca.da.cruz.81@example.com,5596981645352,True,2024-09-06 15:20:02,2024-09-24 17:30:26
82,PF,Thomas Porto,nan,72009558928,nan,thomas.porto.82@example.com,5588935523124,True,2023-08-07 18:40:24,2024-07-01 06:08:10
83,PF,Erick Pereira,nan,72551787157,nan,erick.pereira.83@example.com,55012977997995,True,2021-09-26 08:57:41,2023-09-28 08:56:51
84,PF,Luara Cassiano,nan,65486237545,nan,luara.cassiano.84@example.com,55017974490581,True,2021-01-31 08:48:52,2022-02-03 10:14:37
85,PJ,Martins ME,Andrade,26127899000100,054119986,martins.me.85@example.com,55098907935978,True,2022-04-02 02:44:13,2022-06-07 04:51:25
86,PJ,Araújo Machado S/A EIRELI,Silva,21783172000159,182037788,ara.jo.machado.s.a.eireli.86@example.com,5525954665905,False,2024-10-20 17:15:33,2025-01-12 12:05:03
87,PJ,Farias S/A S.A.,nan,46391792000173,864492519,farias.s.a.s.a.87@example.com,55054962914865,True,2024-02-13 16:27:43,2026-02-22 02:31:26
88,PF,Vinicius Borges,nan,57654529490,nan,vinicius.borges.88@example.com,5585905423573,True,2026-05-19 17:39:45,2026-10-04 16:01:07
89,PJ,Carvalho Cassiano S/A EIRELI,nan,33944417000161,418880592,carvalho.cassiano.s.a.eireli.89@example.com,5562922927065,False,2026-04-15 00:46:24,2026-06-18 01:04:52
90,PJ,Macedo Pimenta Ltda.,da Conceição,82213187000176,834735977,macedo.pimenta.ltda.90@example.com,5568986239240,True,2025-03-21 08:05:27,2025-07-21 06:22:02
91,PF,Rafaela Freitas,nan,29834420390,nan,rafaela.freitas.91@example.com,5518914124782,True,2026-11-20 22:03:36,2026-12-18 05:08:58
92,PF,Ayla Câmara,nan,88622294021,nan,ayla.c.mara.92@example.com,55050960685361,True,2025-12-09 02:10:12,2026-04-23 21:43:26
93,PF,Sr. Arthur Dias,nan,91937535940,nan,sr.arthur.dias.93@example.com,5552920472779,True,2020-11-17 15:00:34,2022-12-19 09:05:14
94,PF,Bruno Almeida,nan,55007359343,0,bruno.almeida.94@example.com,5532989861434,True,2025-03-18 22:33:07,2026-09-28 10:31:32
95,PF,Benicio da Costa,nan,19408955617,nan,benicio.da.costa.95@example.com,5597911798089,True,2020-05-17 11:13:02,2020-07-29 15:18:41
96,PF,Diego da Rocha,nan,86868027451,nan,diego.da.rocha.96@example.com,5509953962185,True,2021-03-28 06:55:07,2023-05-13 19:44:53
97,PF,Vinicius Nogueira,nan,98118375110,nan,vinicius.nogueira.97@example.com,5588906706540,True,2020-01-17 18:52:16,2020-07-11 15:37:58
98,PF,Sr. Luiz Felipe da Costa,nan,32622897103,nan,sr.luiz.felipe.da.costa.98@example.com,5595920585277,True,2023-05-20 23:14:59,2025-06-25 04:37:37
99,PF,Emilly Carvalho,nan,76534501139,nan,emilly.carvalho.99@example.com,5570943030548,True,2025-07-02 09:28:17,2025-09-27 02:35:23
100,PF,Ísis Melo,nan,73061489665,nan,sis.melo.100@example.com,5503945054156,True,2026-11-15 18:30:34,2026-11-25 20:54:11
101,PF,Maysa Gomes,nan,6743520098,nan,maysa.gomes.101@example.com,5527975841616,True,2024-08-19 02:48:35,2026-01-18 03:16:08
102,PF,Emilly Nogueira,nan,43677417538,nan,emilly.nogueira.102@example.com,5551915447962,True,2022-12-26 01:27:31,2026-12-03 00:24:25
103,PF,Sra. Marcela Machado,nan,33783685940,nan,sra.marcela.machado.103@example.com,5559964016582,True,2021-10-26 17:40:21,2021-10-29 21:52:32
104,PJ,Casa Grande - EI Ltda,Andrade,93877006000122,213556909,casa.grande.ei.ltda.104@example.com,55075957192856,True,2021-03-10 12:02:56,2021-04-21 15:53:18
105,PF,Dr. Josué Camargo,nan,44792697034,nan,dr.josu.camargo.105@example.com,5527986814473,True,2023-02-12 19:16:46,2026-12-24 21:39:48
106,PF,Laura Sales,nan,84729453247,nan,laura.sales.106@example.com,55031921727155,True,2026-08-29 01:50:18,2026-12-14 20:30:26
107,PJ,Novaes - EI S.A.,da Rosa,7475766000171,225831323,novaes.ei.s.a.107@example.com,55005989578291,True,2022-11-09 12:53:31,2025-12-02 12:20:01
108,PF,Leonardo Gonçalves,nan,9928468036,nan,leonardo.gon.alves.108@example.com,55086969125177,True,2022-02-01 20:41:55,2022-08-14 22:55:26
109,PJ,Cardoso ME,Vargas Cardoso - ME,63659351000129,801824225,cardoso.me.109@example.com,5558941438424,True,2020-11-01 02:51:34,2023-11-26 10:20:05
110,PF,Yasmin Borges,nan,88171782337,nan,yasmin.borges.110@example.com,5529992299590,True,2025-12-07 12:22:24,2026-06-16 10:07:11
111,PF,Bruno Aparecida,nan,15722301779,nan,bruno.aparecida.111@example.com,5543996907844,True,2022-06-13 04:06:27,2026-02-04 14:42:53
112,PJ,da Cruz ME,nan,70067688000102,647102767,da.cruz.me.112@example.com,55035992555625,True,2026-02-09 08:57:05,2026-06-06 07:47:05
113,PJ,Dias S.A.,Campos,30019420000180,473210469,dias.s.a.113@example.com,5532959532787,True,2026-01-02 23:52:21,2026-06-24 18:39:19
114,PJ,das Neves S.A.,Almeida,79525501000141,168733950,das.neves.s.a.114@example.com,5547997480162,True,2023-08-07 11:10:42,2026-10-05 21:11:26
115,PF,Luiz Otávio Teixeira,nan,20237209152,nan,luiz.ot.vio.teixeira.115@example.com,5550960983584,True,2025-03-17 04:52:15,2025-10-26 00:07:37
116,PF,Matheus Montenegro,nan,32960257154,nan,matheus.montenegro.116@example.com,55084999121655,True,2024-01-20 14:51:42,2024-12-23 20:53:59
117,PF,Maria Clara Sá,nan,34528008300,nan,maria.clara.s.117@example.com,55039986800025,True,2024-01-23 08:48:24,2025-12-04 02:23:11
118,PJ,Moreira Ltda,nan,22310709000126,729825952,moreira.ltda.118@example.com,5594995888794,True,2021-11-15 21:14:16,2024-02-27 01:36:54
119,PF,Allana Freitas,nan,75900556620,nan,allana.freitas.119@example.com,5516994097499,True,2021-02-21 15:48:09,2026-06-11 04:19:02
120,PJ,Silveira Aragão - EI S.A.,nan,5394087000142,728962309,silveira.arag.o.ei.s.a.120@example.com,5530975626368,True,2024-12-17 03:26:38,2025-12-16 03:09:58
121,PJ,Sousa EIRELI,nan,87941370000101,028385786,sousa.eireli.121@example.com,5527985854973,True,2020-05-08 05:54:01,2021-05-17 10:02:48
122,PJ,da Mota Novais Ltda.,da Rosa Vargas Ltda.,54654627000195,375758441,da.mota.novais.ltda.122@example.com,5586965240415,True,2023-06-18 12:09:50,2023-08-08 16:05:18
123,PJ,Rezende Ltda,Souza,10623791000160,733848421,rezende.ltda.123@example.com,5593930833016,True,2021-06-30 06:18:54,2023-03-18 07:09:29
124,PJ,Silva EIRELI,nan,54402157000172,712082677,silva.eireli.124@example.com,5545940193802,True,2022-01-24 01:10:45,2024-05-25 14:28:17
125,PF,Emanuelly Andrade,nan,6337074572,nan,emanuelly.andrade.125@example.com,5572940049915,True,2022-06-07 20:24:48,2024-10-04 09:34:16
126,PF,Rafael Ramos,nan,63221712910,nan,rafael.ramos.126@example.com,5587928743152,True,2026-07-05 09:01:05,2026-11-27 23:15:20
127,PF,Sra. Jade Silva,nan,34813144691,nan,sra.jade.silva.127@example.com,55005949329668,True,2025-02-20 13:29:42,2025-08-07 06:57:51
128,PJ,Borges ME,nan,21461476000108,612275304,borges.me.128@example.com,5537945499045,True,2022-07-12 20:55:42,2023-04-25 23:01:57
129,PF,Srta. Ana Liz Rios,nan,69484055095,nan,srta.ana.liz.rios.129@example.com,5574926841459,False,2026-04-06 16:08:15,2026-08-21 11:05:29
130,PF,Henry Carvalho,nan,17900687114,nan,henry.carvalho.130@example.com,55027995687833,True,2026-01-03 23:15:12,2026-05-30 22:07:45
131,PF,Anna Liz Moura,nan,51574058800,nan,anna.liz.moura.131@example.com,55085919108839,True,2025-08-14 23:54:51,2026-08-05 09:43:44
132,PJ,Cavalcante Duarte - EI S.A.,Camargo,33016661000164,397187072,cavalcante.duarte.ei.s.a.132@example.com,5567990874064,True,2026-11-19 23:40:41,2026-12-19 13:27:12
133,PJ,Souza S.A.,nan,41779740000155,910651801,souza.s.a.133@example.com,55004962265676,True,2023-04-26 06:11:20,2025-04-30 17:05:04
134,PF,Anna Liz Rodrigues,nan,52028241810,nan,anna.liz.rodrigues.134@example.com,5525912868230,True,2025-12-15 06:26:02,2026-08-22 03:49:03
135,PJ,da Rosa - ME,nan,95907463000148,868633752,da.rosa.me.135@example.com,5531906903311,True,2024-07-02 16:56:48,2025-06-09 18:48:18
136,PJ,Machado - EI ME,da Cruz e Filhos,82962288000140,067383028,machado.ei.me.136@example.com,5539959953428,True,2025-09-06 03:06:43,2025-12-22 16:53:53
137,PF,Noah da Rosa,nan,93035945926,nan,noah.da.rosa.137@example.com,5508992687056,True,2025-09-03 21:32:14,2026-01-27 23:48:28
138,PJ,Sampaio Ltda,Jesus,43899284000102,246287334,sampaio.ltda.138@example.com,55070986688263,True,2022-01-27 06:23:53,2023-01-29 10:44:18
139,PJ,Costela EIRELI,Ramos,77829007000145,175183046,costela.eireli.139@example.com,5590913983735,True,2022-12-13 23:54:36,2023-03-12 06:04:05
140,PF,Anthony Gabriel Cunha,nan,70571003885,nan,anthony.gabriel.cunha.140@example.com,5517939363854,True,2023-11-29 12:36:28,2026-02-15 04:46:56
141,PJ,Martins S.A.,das Neves,96890416000100,458771753,martins.s.a.141@example.com,5556909320489,True,2020-11-09 21:48:37,2026-06-29 17:40:22
142,PF,Maria Vitória da Rocha,nan,57765528343,nan,maria.vit.ria.da.rocha.142@example.com,55035936937854,True,2022-02-08 01:12:33,2023-04-12 14:30:24
143,PF,Rebeca Marques,nan,94771752850,nan,rebeca.marques.143@example.com,55052928728080,False,2024-06-24 17:11:59,2025-10-01 06:22:56
144,PF,Benicio Teixeira,nan,93462381270,nan,benicio.teixeira.144@example.com,5562931203875,True,2023-11-22 18:46:10,2024-08-14 08:10:11
145,PF,Rodrigo Ribeiro,nan,21071709402,nan,rodrigo.ribeiro.145@example.com,55000988600848,True,2026-05-09 08:31:02,2026-10-10 20:10:47
146,PJ,Almeida ME,Cavalcanti,83690942000176,118233984,almeida.me.146@example.com,5546915679334,True,2025-05-21 14:53:48,2026-11-05 08:06:34
147,PJ,Rezende e Filhos ME,Borges - ME,80896207000125,668700217,rezende.e.filhos.me.147@example.com,5559918033974,True,2022-04-20 02:54:04,2026-12-05 18:54:44
148,PF,Breno Rodrigues,nan,23338267541,nan,breno.rodrigues.148@example.com,5589902503926,True,2020-06-22 13:21:00,2024-10-28 22:11:53
149,PF,Kaique Castro,nan,3714302670,nan,kaique.castro.149@example.com,5539968562185,True,2026-09-04 12:43:00,2026-10-18 05:03:50
150,PJ,Brito - ME,Barbosa Fernandes - EI,75751477000108,996504773,brito.me.150@example.com,5586962961943,True,2022-03-06 14:25:04,2026-01-03 20:42:49
151,PF,Srta. Antonella da Mata,nan,68712313823,nan,srta.antonella.da.mata.151@example.com,55062965511047,True,2026-04-16 21:05:23,2026-07-27 06:31:56
152,PJ,Teixeira ME,nan,89017732000106,412126788,teixeira.me.152@example.com,5561901581995,True,2020-02-16 23:05:37,2024-08-31 12:11:28
153,PJ,Albuquerque S.A.,nan,91387417000104,466183982,albuquerque.s.a.153@example.com,5522944472126,True,2021-10-20 04:57:02,2025-03-25 20:04:38
154,PF,Otto da Rosa,nan,67707129628,nan,otto.da.rosa.154@example.com,55015943799371,True,2023-03-21 23:04:07,2025-07-22 01:04:11
155,PF,Kevin Abreu,nan,50883486733,nan,kevin.abreu.155@example.com,5559965756924,True,2022-07-26 10:19:34,2025-06-28 20:35:14
156,PJ,Pereira EIRELI,Mendes Dias S.A.,13180233000165,654793564,pereira.eireli.156@example.com,5551993982807,True,2023-07-11 21:16:30,2024-03-15 17:32:12
157,PF,Srta. Maysa da Rocha,nan,60371181593,nan,srta.maysa.da.rocha.157@example.com,5567924342661,True,2022-07-14 14:51:59,2023-03-03 17:57:03
158,PF,Pietra Pacheco,nan,23905549468,nan,pietra.pacheco.158@example.com,5588968058911,False,2025-10-14 21:19:37,2026-07-23 05:40:59
159,PJ,Ribeiro Rios Ltda.,Ramos Pimenta S/A,81638938000133,965610143,ribeiro.rios.ltda.159@example.com,5588999375679,True,2025-09-16 06:59:59,2026-10-04 13:37:04
160,PF,Dra. Clarice Ferreira,nan,68446549280,nan,dra.clarice.ferreira.160@example.com,5571946112545,True,2025-10-27 02:26:12,2026-12-16 17:50:48
161,PF,Gabrielly Moreira,nan,91051645166,nan,gabrielly.moreira.161@example.com,55057917751401,True,2025-03-06 17:06:24,2026-09-23 11:45:20
162,PJ,Fernandes e Filhos S.A.,Rocha S.A.,45028000000138,382825867,fernandes.e.filhos.s.a.162@example.com,nan,False,2026-12-21 23:53:31,2026-12-28 03:04:48
163,PF,Maria Julia Abreu,nan,10290643341,nan,maria.julia.abreu.163@example.com,5534919182553,True,2024-12-10 01:31:37,2025-04-07 04:10:03
164,PJ,Camargo EIRELI,Rios,26163406000189,785969691,camargo.eireli.164example.com,5557992499125,True,2023-07-05 03:31:30,2025-05-07 00:41:52
165,PJ,da Costa Ltda.,nan,66032820000173,125286692,da.costa.ltda.165@example.com,5566927828274,True,2026-08-03 22:10:12,2026-08-30 14:46:32
166,PF,Francisco Dias,nan,32676217712,nan,francisco.dias.166@example.com,55090950723688,True,2025-12-25 15:07:59,2026-09-15 19:01:18
167,PJ,Jesus EIRELI,Leão,49896342000120,772190340,jesus.eireli.167@example.com,5538942797881,True,2020-04-29 05:39:40,2026-08-18 23:17:49
168,PF,Bruna da Mata,nan,22225740720,nan,bruna.da.mata.168@example.com,5558907836134,True,2026-03-06 18:44:23,2026-04-07 19:58:37
169,PF,Rael da Luz,nan,57413929465,nan,rael.da.luz.169@example.com,5517913395962,True,2025-09-08 15:08:08,2026-08-04 07:17:47
170,PF,Cecilia Viana,nan,69764914063,nan,cecilia.viana.170@example.com,5530995849825,True,2026-01-18 04:00:38,2026-08-21 21:19:47
171,PJ,da Rocha Ltda,Moraes,86007166000155,126042232,da.rocha.ltda.171@example.com,5536972946671,True,2020-08-30 16:55:18,2023-08-23 05:45:32
172,PF,Ayla Guerra,nan,98810362403,nan,ayla.guerra.172@example.com,5545977590175,True,2026-12-25 11:17:04,2026-12-30 19:07:47
173,PJ,Vieira - EI ME,Cunha,55557124000164,637454589,vieira.ei.me.173@example.com,55097950017012,True,2025-08-17 19:18:08,2026-10-14 01:00:24
174,PF,Mirella Abreu,nan,60203640039,nan,mirella.abreu.174@example.com,5532942415415,False,2023-04-06 08:21:57,2025-12-22 20:04:43
175,PF,Eloah Aragão,nan,44861732107,nan,eloah.arag.o.175@example.com,5543961103712,True,2021-04-04 06:56:56,2026-04-29 19:46:26
176,PJ,Moreira Rodrigues - ME,Albuquerque e Filhos,92924086000167,516271361,moreira.rodrigues.me.176@example.com,5515954262218,True,2022-12-12 21:23:16,2024-01-31 09:37:58
177,PF,Alexia Pimenta,nan,10963373714,nan,alexia.pimenta.177@example.com,55075932697311,True,2024-04-05 03:53:09,2026-11-28 04:21:21
178,PF,Davi Pastor,nan,83309924203,nan,davi.pastor.178@example.com,5556952341389,True,2023-11-09 00:30:02,2026-03-16 13:51:25
179,PF,Larissa Vasconcelos,nan,34622825228,nan,larissa.vasconcelos.179@example.com,5543989836403,False,2023-12-18 19:00:51,2024-11-27 00:03:06
180,PJ,Gomes S.A.,da Costa - ME,61124641000142,918055269,gomes.s.a.180@example.com,5558927109104,True,2026-05-04 21:05:17,2026-07-30 14:29:55
181,PJ,Aparecida Araújo - ME,Pires,27698636000105,866618892,aparecida.ara.jo.me.181@example.com,5514918328569,True,2021-06-28 00:09:30,2022-12-10 20:10:03
182,PJ,das Neves e Filhos S.A.,nan,25028886000102,630316179,das.neves.e.filhos.s.a.182@example.com,5504921020275,True,2020-05-22 10:27:47,2025-08-26 13:22:27
183,PJ,Cavalcante EIRELI,Cardoso,4677133000158,410564814,cavalcante.eireli.183@example.com,5517978507925,True,2021-06-17 17:08:13,2021-07-29 23:37:40
184,PF,José Miguel Vargas,nan,52751394973,nan,jos.miguel.vargas.184@example.com,5591938000307,True,2022-04-15 01:56:20,2024-01-20 18:18:38
185,PF,Dr. Dom Cavalcanti,nan,23714721746,nan,dr.dom.cavalcanti.185@example.com,5586935365419,True,2024-01-14 14:17:42,2025-06-24 11:31:30
186,PF,Sr. Theodoro Rocha,nan,70466563043,nan,sr.theodoro.rocha.186@example.com,5523980617445,True,2022-04-01 15:26:17,2026-01-03 03:14:45
187,PJ,Novaes - ME,nan,84101313000126,053494937,novaes.me.187@example.com,5597938320603,True,2021-11-21 15:04:27,2022-04-22 17:52:13
188,PJ,Porto ME,Farias S/A,62395232000143,641383670,porto.me.188@example.com,55041903865719,True,2026-11-17 08:21:52,2026-12-03 05:14:26
189,PF,Thiago Carvalho,nan,40320829286,nan,thiago.carvalho.189@example.com,5519990623445,True,2020-07-30 22:17:10,2022-03-12 18:53:46
190,PJ,Sampaio ME,Dias,49416935000142,nan,sampaio.me.190@example.com,5527975618537,True,2022-08-16 01:58:42,2023-02-10 07:35:00
191,PJ,Martins Ltda,Campos,91684833000174,124903521,martins.ltda.191@example.com,5556980442067,True,2025-05-18 07:33:43,2025-09-02 18:16:16
192,PF,IsadoraB rito,nan,94259494252,nan,isadora.brito.192@example.com,55012910032365,False,2025-05-23 07:06:50,2026-01-31 04:56:04
193,PF,Antonella Pacheco,nan,34460263122,nan,antonella.pacheco.193@example.com,5541901372151,True,2023-02-04 13:04:52,2025-01-22 03:18:37
194,PJ,Martins S/A EIRELI,Oliveira Lopes e Filhos,85546806000132,670662532,martins.s.a.eireli.194@example.com,5547920999347,True,2024-01-18 21:22:10,2025-04-29 10:42:55
195,PF,Pietra Araújo,nan,87679194807,nan,pietra.ara.jo.195@example.com,5546926383806,True,2022-08-29 10:04:18,2026-03-17 22:18:18
196,PF,Sra. Pietra Nogueira,nan,55560511943,nan,sra.pietra.nogueira.196@example.com,55059985642059,True,2020-01-28 07:27:08,2026-07-27 08:04:04
197,PF,Arthur Vasconcelos,nan,2079202499,nan,arthur.vasconcelos.197@example.com,5507985932133,True,2025-06-20 15:02:22,2026-02-18 22:16:19
198,PF,Vitor Vieira,nan,99241947306,nan,vitor.vieira.198@example.com,5539965223955,True,2025-09-20 04:02:19,2026-02-04 17:20:23
199,PJ,Santos e Filhos ME,nan,86741203000154,599293784,santos.e.filhos.me.199@example.com,55070910393087,True,2020-10-01 10:51:33,2023-04-02 18:44:23
200,PJ,Farias - EI S.A.,Cardoso Fernandes e Filhos,3262219000157,250029218,farias.ei.s.a.200@example.com,5515969154522,True,2023-01-07 14:26:54,2025-04-24 14:48:15
201,PF,Sra. Raquel Rezende,nan,89891144380,nan,sra.raquel.rezende.201@example.com,5528995392644,True,2025-12-12 01:46:22,2026-01-26 11:21:53
202,PF,Felipe Siqueira,nan,44560202028,nan,felipe.siqueira.202@example.com,5596990295939,True,2020-08-09 18:39:39,2021-02-23 08:16:37
203,PJ,Monteiro S.A.,Souza,88526250000100,135521570,monteiro.s.a.203@example.com,5533915410067,True,2026-09-22 22:48:58,2026-10-10 10:20:02
204,PF,Sra. Eloah Jesus,nan,42949886906,nan,sra.eloah.jesus.204@example.com,55065986179327,True,2026-05-17 03:45:16,2026-08-20 14:08:32
205,PJ,Andrade Ltda.,Dias Ltda.,79951657000194,115262181,andrade.ltda.205@example.com,5599970629620,True,2024-08-03 14:12:55,2026-10-23 14:44:07
206,PJ,Farias S.A.,Jesus Sampaio - EI,96124549000167,844431069,farias.s.a.206@example.com,5572905061497,False,2023-01-19 08:12:12,2024-08-18 05:55:00
207,PJ,Brito Alves S.A.,Porto da Rocha S/A,12752518000160,714677418,brito.alves.s.a.207@example.com,5525965270477,False,2022-02-05 12:32:50,2022-11-29 15:07:17
208,PF,Henry Gabriel da Mata,nan,85378472750,nan,henry.gabriel.da.mata.208@example.com,5502911586938,True,2025-12-04 12:20:12,2026-10-01 07:13:20
209,PF,Mathias Moreira,nan,44342472716,nan,mathias.moreira.209@example.com,5587993741608,True,2022-11-07 23:38:32,2025-12-22 13:48:02
210,PF,Stella Oliveira,nan,86628092941,nan,stella.oliveira.210@example.com,5521972233206,True,2022-09-02 01:44:12,2026-08-11 07:18:31
211,PF,Pedro Henrique Costa,nan,86040023597,nan,pedro.henrique.costa.211@example.com,55094951168685,True,2023-09-29 11:15:37,2024-10-05 09:01:56
212,PF,Vicente Marques,nan,80461346001,nan,vicente.marques.212@example.com,5599986162299,True,2020-11-24 17:17:20,2022-03-30 23:40:19
213,PF,Beatriz Caldeira,nan,59441073911,nan,beatriz.caldeira.213@example.com,5514985646799,True,2023-03-17 20:24:05,2024-05-06 07:16:04
214,PJ,Andrade S.A.,da Mota Guerra S.A.,47679979000130,996065307,andrade.s.a.214@example.com,5550954447132,True,2026-01-31 07:19:40,2026-05-03 23:37:51
215,PF,Pedro Miguel Vasconcelos,nan,60558173497,nan,pedro.miguel.vasconcelos.215@example.com,5546991373678,True,2022-01-21 00:17:50,2025-06-06 07:32:32
216,PF,Sr. Théo Vieira,nan,6272051514,nan,sr.th.o.vieira.216@example.com,55014986289023,False,2020-10-08 12:25:14,2025-04-04 17:09:12
217,PF,Benjamin da Cruz,nan,55746981028,nan,benjamin.da.cruz.217@example.com,5570953457861,True,2021-01-04 06:50:54,2022-06-02 18:37:43
218,PF,Ana da Costa,nan,52558356763,nan,ana.da.costa.218@example.com,5579972798552,True,2024-09-14 19:04:32,2026-04-01 22:33:35
219,PF,Caleb da Paz,nan,40347989551,nan,caleb.da.paz.219@example.com,5560929333346,True,2020-05-05 20:15:54,2021-08-15 12:55:24
220,PJ,Vasconcelos e Filhos ME,Melo S.A.,64343254000195,290349446,vasconcelos.e.filhos.me.220@example.com,5557943748969,True,2020-08-27 11:53:06,2024-04-18 03:21:48
221,PF,André Moraes,nan,44322072488,nan,andr.moraes.221@example.com,5589994417154,True,2024-04-18 02:40:02,2024-09-26 01:52:40
222,PJ,da Mota S.A.,nan,26254854000198,443283096,da.mota.s.a.222@example.com,5520974466609,True,2022-11-13 22:18:17,2026-06-09 22:06:47
223,PF,Dra. Esther Fernandes,nan,65055955970,nan,dra.esther.fernandes.223@example.com,5587958428241,True,2024-04-28 03:34:00,2025-04-19 22:26:47
224,PF,Carolina Sousa,nan,93198457947,nan,carolina.sousa.224@example.com,5582951353465,True,2022-10-19 19:43:10,2025-05-12 00:34:55
225,PJ,da Luz Ltda,Martins,76017441000168,170999173,da.luz.ltda.225@example.com,5516984602235,True,2021-07-12 01:17:53,2022-11-06 00:22:48
226,PF,Natália Casa Grande,nan,9007315323,nan,nat.lia.casa.grande.226@example.com,5521975250074,True,2024-01-13 06:35:29,2024-03-10 06:40:24
227,PJ,Teixeira Vasconcelos S.A.,Mendonça Viana S/A,94073637000151,296666760,teixeira.vasconcelos.s.a.227@example.com,5583950583003,True,2023-10-11 22:24:48,2024-02-20 12:56:05
228,PJ,Sales Ferreira Ltda.,Caldeira Gomes - EI,61626710000116,942104478,sales.ferreira.ltda.228@example.com,5585962575326,True,2024-08-22 12:26:18,2025-11-08 03:59:40
229,PF,Ian Câmara,nan,84616861951,nan,ian.c.mara.229@example.com,55030998215064,False,2021-03-07 04:38:39,2025-05-19 02:17:29
230,PJ,Peixoto S/A EIRELI,Rezende S/A,40622210000136,016761847,peixoto.s.a.eireli.230@example.com,55030946184992,True,2025-10-25 18:49:02,2026-05-10 20:29:28
231,PF,Bella Moraes,nan,28693311263,nan,bella.moraes.231@example.com,5514911739348,True,2023-12-17 19:50:51,2024-08-02 23:36:51
232,PJ,Fogaça Santos - ME,Castro,79425993000101,087375300,foga.a.santos.me.232@example.com,5519972181143,True,2026-05-31 18:06:41,2026-08-23 13:28:57
233,PF,Laís da Luz,nan,47313470762,nan,la.s.da.luz.233@example.com,55001920455611,True,2021-11-22 23:27:54,2022-06-23 19:48:46
234,PF,Anthony Carvalho,nan,80774183411,nan,anthony.carvalho.234@example.com,55055979415521,True,2025-07-19 11:29:48,2026-06-07 11:47:57
235,PF,Maria Liz Marques,nan,24213335984,nan,maria.liz.marques.235@example.com,5567962120216,True,2025-05-03 02:03:55,2026-04-04 02:53:41
236,PF,Rafaela Nunes,nan,63724176937,nan,rafaela.nunes.236@example.com,55029965902771,True,2024-11-01 02:38:33,2025-06-13 10:43:12
237,PF,Maysa Aparecida,nan,21624462278,nan,maysa.aparecida.237@example.com,5545908993588,False,2025-06-05 22:09:14,2025-09-08 07:51:29
238,PJ,Lopes e Filhos EIRELI,nan,72585245000139,375628900,lopes.e.filhos.eireli.238@example.com,55087972175354,True,2023-01-17 09:36:55,2025-05-06 03:35:02
239,PF,Thiago Câmara,nan,79551914120,nan,thiago.c.mara.239@example.com,5566931779717,True,2024-09-29 07:14:23,2025-05-20 23:41:34
240,PF,Luara Campos,nan,1052945864,nan,luara.campos.240@example.com,55001966088019,True,2026-08-16 19:09:56,2026-10-25 23:16:46
241,PF,Liz Moraes,nan,97587526501,nan,liz.moraes.241@example.com,5537955037589,True,2026-06-02 10:13:35,2026-06-11 22:32:37
242,PF,Olívia Silva,nan,95685646089,nan,ol.via.silva.242@example.com,5571913055488,True,2022-01-24 11:29:22,2024-12-16 16:55:39
243,PJ,Sampaio EIRELI,nan,73701491000171,102726149,sampaio.eireli.243@example.com,5531963735160,True,2023-11-28 10:37:40,2025-12-02 21:33:42
244,PF,Camila Vargas,nan,32531815538,nan,camila.vargas.244@example.com,55079982708086,True,2024-01-11 05:50:42,2026-08-28 12:21:06
245,PJ,Moraes ME,Sales Pacheco S.A.,37525281000106,216995866,moraes.me.245@example.com,5534965472269,True,2026-05-01 17:44:39,2026-10-25 04:27:13
246,PF,Dra. Sophie da Rosa,nan,95240088071,nan,dra.sophie.da.rosa.246@example.com,5558933394522,False,2023-10-04 00:23:45,2026-05-16 20:23:34
247,PF,Ágatha Sales,nan,93046198230,nan,gatha.sales.247@example.com,5515987996846,True,2021-08-05 06:58:29,2022-03-25 19:51:49
248,PJ,Moreira S/A EIRELI,Garcia S.A.,69242891000199,003424420,moreira.s.a.eireli.248@example.com,5538905719838,True,2024-02-29 17:31:24,2024-08-29 05:06:34
249,PF,Isabela Moraes,nan,31794089870,nan,isabela.moraes.249@example.com,5506966580043,False,2020-02-10 08:33:10,2025-06-20 03:52:42
250,PF,Melina Câmara,nan,61066785708,nan,melina.c.mara.250@example.com,5598993347212,True,2022-02-23 09:39:50,2026-05-05 07:03:15
251,PJ,Sousa Moraes S/A Ltda,nan,78230257000127,606484229,sousa.moraes.s.a.ltda.251@example.com,5505972025909,True,2024-11-11 16:45:16,2025-02-21 10:49:12
252,PF,Liz Mendonça,nan,48142839547,nan,liz.mendon.a.252@example.com,5585915832818,True,2024-01-06 18:59:40,2026-03-09 05:40:52
253,PF,Oliver Nogueira,nan,40582533805,nan,oliver.nogueira.253@example.com,5561953355543,True,2024-08-13 04:00:38,2026-12-27 23:33:21
254,PF,Vitória Melo,nan,19708747327,nan,vit.ria.melo.254@example.com,5501957399305,False,2021-04-12 19:23:34,2021-08-10 16:52:55
255,PJ,Vieira S.A.,Gomes Ltda.,59559425000188,840858877,vieira.s.a.255@example.com,5543958112880,False,2022-07-22 19:24:05,2025-11-03 20:22:44
256,PF,Ana Luiza Costela,nan,90107877104,nan,ana.luiza.costela.256@example.com,1234567890,True,2021-03-19 05:53:12,2023-05-09 09:30:13
257,PF,Caio Barbosa,nan,9950093252,nan,caio.barbosa.257@example.com,5524981934667,True,2020-05-06 04:44:38,2020-10-01 12:14:58
258,PF,Maria Luiza Lopes,nan,3375698518,nan,maria.luiza.lopes.258@example.com,5506918091901,True,2024-12-04 15:23:44,2025-01-23 04:08:50
259,PF,Sr. João Vitor Viana,nan,43878360320,nan,sr.jo.o.vitor.viana.259@example.com,5591947660728,True,2022-01-02 18:44:34,2024-02-24 12:27:41
260,PF,Davi Luiz Souza,nan,80916882454,nan,davi.luiz.souza.260@example.com,5584924508821,True,2026-11-22 15:54:01,2026-12-22 22:39:03
261,PF,André Oliveira,nan,96416425700,nan,andr.oliveira.261@example.com,5568981435368,True,2024-10-20 01:28:35,2026-02-11 14:58:31
262,PJ,Castro Cirino S.A.,Correia,24305515000168,129087814,castro.cirino.s.a.262@example.com,5541939755231,True,2026-03-06 03:40:04,2026-09-25 12:41:15
263,PJ,Pinto EIRELI,Correia Ltda.,58785345000188,775949299,pinto.eireli.263@example.com,5556920533645,True,2026-03-07 13:38:20,2026-07-03 06:30:12
264,PJ,Rocha Siqueira Ltda.,nan,91795342000109,777547812,rocha.siqueira.ltda.264@example.com,5514928341108,True,2025-02-13 12:00:41,2025-04-13 23:17:47
265,PF,Ana Pacheco,nan,29672468830,nan,ana.pacheco.265@example.com,5569930848872,True,2026-05-23 09:01:06,2026-12-04 14:26:31
266,PJ,Gonçalves EIRELI,nan,43110977000174,394278816,gon.alves.eireli.266@example.com,5580939282722,True,2024-12-24 09:56:14,2026-03-26 14:34:08
267,PF,Clara Sousa,nan,98291637334,nan,clara.sousa.267@example.com,55050937314530,True,2023-05-02 17:40:17,2025-08-09 08:34:54
268,PF,Gabrielly Moreira,nan,29653656058,nan,gabrielly.moreira.268@example.com,5567970051844,True,2026-11-09 17:33:32,2026-11-22 16:43:53
269,PF,Ísis Nunes,nan,4227749956,nan,sis.nunes.269@example.com,55066959184638,True,2020-03-27 13:36:31,2023-02-21 19:50:14
270,PF,Maria Ferreira,nan,69562694496,nan,maria.ferreira.270@example.com,55079908272318,False,2023-06-02 06:42:32,2024-10-05 02:29:59
271,PF,Lara Cunha,nan,82672143722,nan,lara.cunha.271@example.com,55022959136517,True,2024-04-10 11:01:28,2024-07-15 04:23:51
272,PF,Pietra Mendes,nan,3443574653,nan,pietra.mendes.272@example.com,5592960302992,True,2022-05-06 16:55:05,2025-02-16 06:23:26
273,PF,Théo Aparecida,nan,59137340336,nan,th.o.aparecida.273@example.com,5520924286990,True,2024-09-01 09:43:05,2026-10-03 10:56:39
274,PJ,Barros EIRELI,Machado Pereira - ME,4293701000117,723692929,barros.eireli.274@example.com,5542957991366,True,2024-03-18 09:29:08,2024-04-24 23:20:16
275,PF,Cauê Almeida,nan,21352921170,nan,cau.almeida.275@example.com,5588962912799,True,2024-06-17 21:42:12,2026-10-17 07:04:40
276,PF,Vitor Montenegro,nan,73437266098,nan,vitor.montenegro.276@example.com,5517929806865,True,2022-03-27 15:17:03,2024-02-06 03:29:16
277,PJ,Sampaio - EI Ltda,nan,8854775000136,637659916,sampaio.ei.ltda.277@example.com,55047931498643,True,2026-10-19 19:28:22,2026-12-27 07:19:41
278,PF,André Oliveira,nan,17466959008,nan,andr.oliveira.278@example.com,5518906356512,True,2020-10-29 01:14:18,2020-11-11 11:56:49
279,PF,Isis da Luz,nan,26184424076,nan,isis.da.luz.279@example.com,5569959463688,True,2021-01-05 13:24:19,2026-11-18 17:32:13
280,PJ,Cavalcanti ME,Novais,7311415000125,874495621,cavalcanti.me.280@example.com,5572913865890,True,2020-11-25 03:40:17,2022-09-16 06:18:44
281,PF,Mathias Porto,nan,32316205542,nan,mathias.porto.281@example.com,5512979611435,True,2025-05-24 17:57:55,2026-10-17 01:21:09
282,PF,Arthur Miguel Silveira,nan,82904115536,nan,arthur.miguel.silveira.282@example.com,5569984902770,True,2023-09-12 17:58:50,2026-12-26 13:38:59
283,PF,Valentim da Paz,nan,95415193006,nan,valentim.da.paz.283@example.com,5509988392053,True,2024-02-06 18:36:56,2026-12-10 21:01:08
284,PJ,Castro S/A EIRELI,Vasconcelos,35995109000190,656693801,castro.s.a.eireli.284@example.com,5584989554393,True,2021-05-15 09:01:55,2024-11-22 10:36:14
285,PF,Maria Luiza Oliveira,nan,9098120555,nan,maria.luiza.oliveira.285@example.com,5542968181845,True,2023-07-10 21:34:35,2024-12-17 05:04:44
286,PJ,Moraes Ltda.,Sales,59303259000154,769735779,moraes.ltda.286@example.com,5571941633565,False,2026-05-04 01:56:32,2026-10-25 16:21:13
287,PF,Zoe Albuquerque,nan,66706761664,nan,zoe.albuquerque.287@example.com,5534916518275,True,2020-08-17 22:45:40,2023-07-05 11:20:45
288,PF,Sr. João Felipe Cirino,nan,10621111171,nan,sr.jo.o.felipe.cirino.288@example.com,5573933433339,True,2024-08-09 02:11:26,2026-02-06 10:14:36
289,PF,Sr. Cauê Campos,nan,78348216367,nan,sr.cau.campos.289@example.com,5579908075957,True,2026-06-03 00:28:21,2026-09-11 15:13:32
290,PJ,Mendonça S.A.,Teixeira Moraes Ltda.,93343403000114,639208678,mendon.a.s.a.290@example.com,5585962718750,True,2026-06-23 14:34:36,2026-11-09 12:48:10
291,PF,Gustavo Henrique Garcia,nan,31658734106,nan,gustavo.henrique.garcia.291@example.com,5515959428434,True,2024-08-21 14:08:15,2026-08-04 00:41:50
292,PF,Manuela Fonseca,nan,98338677159,nan,manuela.fonseca.292@example.com,55076936556472,True,2021-10-27 16:30:37,2026-05-11 10:24:48
293,PF,Caroline Oliveira,nan,50346872405,nan,caroline.oliveira.293@example.com,5514938663227,True,2023-08-08 10:26:58,2026-08-18 14:04:44
294,PF,Felipe Leão,nan,15237130208,nan,felipe.le.o.294@example.com,55028985744890,True,2021-11-21 02:18:08,2025-04-10 21:21:34
295,PF,Beatriz Sales,nan,90691647526,nan,beatriz.sales.295@example.com,55003947175455,True,2024-08-21 15:12:34,2024-11-19 22:32:39
296,PJ,Ferreira S.A.,nan,11242811000115,061593998,ferreira.s.a.296@example.com,55045958771694,True,2022-05-26 10:52:14,2024-08-30 10:20:31
297,PJ,Pires S.A.,nan,26609340000108,225699611,pires.s.a.297@example.com,55053955449647,True,2025-06-06 12:01:27,2025-10-16 11:51:31
298,PF,Dr. Noah Cavalcante,nan,25342637066,nan,dr.noah.cavalcante.298@example.com,55002934132611,True,2021-06-16 13:42:21,2023-12-13 11:43:07
299,PJ,Melo - EI S.A.,Alves - ME,97573319000148,811492164,melo.ei.s.a.299@example.com,5534972282005,True,2025-12-29 17:40:47,2026-09-16 23:13:30
300,PF,Dr. Ravi Lucca Nogueira,nan,77124908990,nan,dr.ravi.lucca.nogueira.300@example.com,5587928299796,True,2022-01-31 01:05:32,2026-09-05 03:10:33
301,PF,Yasmin das Neves,nan,7172152107,nan,yasmin.das.neves.301@example.com,5578931745642,True,2025-05-12 18:12:19,2025-06-30 08:11:44
302,PJ,Albuquerque ME,Moreira S.A.,1492390000127,547807740,albuquerque.me.302@example.com,5549930853686,True,2021-07-17 18:44:06,2022-06-11 13:43:38
303,PJ,da Cruz Ltda,nan,43060549000184,266341638,da.cruz.ltda.303@example.com,5544984631224,True,2020-08-04 01:42:22,2022-05-03 18:50:24
304,PF,Rafael Pinto,nan,2765832137,nan,rafael.pinto.304@example.com,55049973502080,True,2022-04-01 14:02:09,2023-03-23 22:32:05
305,PF,Cauã da Paz,nan,91325396656,nan,cau.da.paz.305@example.com,5527903120735,True,2025-06-29 10:43:48,2026-03-23 10:09:52
306,PF,Luana Viana,nan,11726851265,nan,luana.viana.306@example.com,55057905120461,True,2020-12-12 05:33:41,2021-10-09 02:33:38
307,PF,Olivia Cirino,nan,82959193008,nan,olivia.cirino.307@example.com,5546901367303,False,2021-08-24 18:58:00,2022-09-19 09:33:01
308,PF,Aylla Moreira,nan,80203620372,nan,aylla.moreira.308@example.com,5576945208814,True,2026-04-06 01:11:04,2026-04-13 11:25:39
309,PF,Letícia Costa,nan,53134386895,nan,let.cia.costa.309@example.com,5503913650249,True,2020-11-22 10:02:00,2022-10-29 22:24:21
310,PF,Miguel Vieira,nan,63629100104,nan,miguel.vieira.310@example.com,5500997925132,True,2023-08-29 13:42:52,2024-07-21 02:34:26
311,PF,Ayla Rodrigues,nan,90303506954,nan,ayla.rodrigues.311@example.com,5550905281273,True,2020-11-29 19:20:53,2024-02-13 17:45:51
312,PF,Dr. Pedro Lucas Siqueira,nan,90764011286,nan,dr.pedro.lucas.siqueira.312@example.com,5506952407784,True,2023-05-10 04:21:07,2025-08-11 08:33:32
313,PJ,Correia ME,Nogueira Ferreira Ltda.,3568694000156,749821827,correia.me.313@example.com,5548957086209,True,2026-08-05 00:48:50,2026-10-30 22:10:04
314,PJ,Vasconcelos Ltda,Duarte Silveira S/A,99399825000198,863878294,vasconcelos.ltda.314@example.com,5565911810220,True,2022-02-09 01:36:43,2026-10-19 15:31:17
315,PF,Cauê Mendonça,nan,63287311751,nan,cau.mendon.a.315@example.com,5510996789940,True,2022-12-27 09:22:42,2023-06-06 12:56:57
316,PF,Sr. Brayan Albuquerque,nan,66684488600,nan,sr.brayan.albuquerque.316@example.com,5571970586509,True,2026-05-30 12:48:37,2026-07-14 19:47:22
317,PF,Vinícius Aparecida,nan,45099497748,nan,vin.cius.aparecida.317@example.com,5541938113863,True,2024-01-27 15:05:59,2026-05-22 23:10:26
318,PF,Vinicius Ribeiro,nan,26102528620,nan,vinicius.ribeiro.318@example.com,5592988619576,True,2023-08-08 10:20:22,2024-03-05 04:43:44
319,PJ,Cavalcante S.A.,nan,32512869000101,868528975,cavalcante.s.a.319@example.com,5585956659398,False,2025-09-11 21:46:00,2026-04-14 17:11:56
320,PF,Marcos Vinicius Vargas,nan,32885438509,nan,marcos.vinicius.vargas.320@example.com,5545977600490,True,2026-01-25 15:48:36,2026-09-20 01:27:49
321,PF,Catarina da Rosa,nan,10508519780,nan,catarina.da.rosa.321@example.com,5543935048889,False,2026-11-23 01:41:45,2026-12-31 13:44:55
322,PJ,Brito Andrade - ME,Cassiano,24063653000188,245933441,brito.andrade.me.322@example.com,5569931572791,True,2026-07-28 13:57:13,2026-08-14 19:08:38
323,PF,Letícia Andrade,nan,11176795945,nan,let.cia.andrade.323@example.com,5561905566139,True,2021-08-19 21:39:56,2024-12-28 02:49:43
324,PF,Mateus Aragão,nan,3952276820,nan,mateus.arag.o.324@example.com,5580958925832,True,2020-08-01 19:43:38,2025-02-06 19:08:08
325,PF,Matteo Machado,nan,30609142909,nan,matteo.machado.325@example.com,5598913646225,True,2024-02-15 03:39:56,2025-07-22 22:31:40
326,PJ,Melo - EI ME,nan,34104411000149,086416862,melo.ei.me.326@example.com,55078937693898,True,2022-03-20 10:33:04,2023-03-16 21:19:55
327,PF,Joaquim Barbosa,nan,59277263482,nan,joaquim.barbosa.327@example.com,5565991166553,False,2023-01-28 03:18:18,2024-11-27 15:46:51
328,PF,Dr. Apollo Vargas,nan,91952817030,nan,dr.apollo.vargas.328@example.com,5525997927033,True,2022-09-11 16:30:48,2023-06-10 22:52:52
329,PF,Maria Fernanda Cassiano,nan,67785247587,nan,maria.fernanda.cassiano.329@example.com,5510939240514,True,2024-11-20 17:09:05,2026-10-16 00:43:39
330,PF,Olivia Almeida,nan,2291288075,nan,olivia.almeida.330@example.com,5538933884879,True,2025-09-30 10:42:27,2026-06-11 11:03:33
331,PJ,Sales Sampaio e Filhos EIRELI,Garcia - EI,95832463000126,804204394,sales.sampaio.e.filhos.eireli.331@example.com,5570916451046,True,2023-03-05 20:31:45,2025-11-08 22:10:01
332,PJ,Garcia Moraes e Filhos EIRELI,Dias - ME,15808042000120,981238780,garcia.moraes.e.filhos.eireli.332@example.com,5538945762055,True,2026-07-10 17:33:57,2026-12-02 05:11:03
333,PF,Dr. Isaac Montenegro,nan,51367525306,nan,dr.isaac.montenegro.333@example.com,5504960843256,True,2020-01-04 00:22:56,2024-11-21 08:14:34
334,PF,cecilia borges,nan,29456538184,nan,cecilia.borges.334@example.com,5589936392649,True,2023-02-13 14:42:36,2025-10-13 07:22:36
335,PJ,Machado S.A.,Costela Rezende S.A.,25661350000120,983248262,machado.s.a.335@example.com,5525918812520,True,2020-05-14 18:17:27,2021-05-01 19:50:59
336,PF,Dr. Noah da Rosa,nan,43135820882,nan,dr.noah.da.rosa.336@example.com,55042931220994,True,2020-02-10 02:21:38,2025-06-12 08:25:26
337,PF,Isabel Peixoto,nan,5838419296,nan,isabel.peixoto.337@example.com,5530951728975,True,2020-09-25 15:47:19,2026-02-10 02:37:29
338,PF,Mathias Mendonça,nan,60554336308,nan,mathias.mendon.a.338@example.com,55022933060463,True,2024-01-06 23:01:44,2025-12-20 20:30:40
339,PJ,Sá Costela S/A ME,Macedo Pimenta - ME,44415782000103,573660965,s.costela.s.a.me.339@example.com,5599998808177,True,2025-01-24 08:12:14,2026-07-11 11:57:34
340,PF,Joaquim Moreira,nan,88237447255,nan,joaquim.moreira.340@example.com,5560986803476,True,2025-12-08 09:01:48,2026-06-28 15:54:24
341,PJ,Vasconcelos EIRELI,nan,4131186000179,472649082,vasconcelos.eireli.341@example.com,55071981298266,True,2024-11-14 07:59:05,2025-10-09 22:41:49
342,PF,Dr. Apollo Cavalcanti,nan,27183766004,nan,dr.apollo.cavalcanti.342@example.com,55093971452111,True,2025-01-25 16:17:28,2025-08-06 17:50:00
343,PJ,Porto EIRELI,nan,84748259000105,518689268,porto.eireli.343@example.com,5502959222206,True,2020-01-29 05:09:27,2022-06-14 08:55:01
344,PJ,das Neves S.A.,da Paz,92623533000148,212309407,das.neves.s.a.344@example.com,55078909733977,True,2026-02-26 12:21:03,2026-12-15 10:39:11
345,PJ,Macedo ME,Peixoto - EI,79516970000102,038498302,macedo.me.345@example.com,55005902099451,True,2020-06-24 17:26:17,2025-02-07 11:49:27
346,PF,Cauê Leão,nan,67028236579,nan,cau.le.o.346@example.com,55024999982795,True,2025-03-10 18:49:12,2026-10-10 18:25:59
347,PF,Caleb Vargas,nan,24879092428,nan,caleb.vargas.347@example.com,5555961681472,True,2023-02-15 14:37:27,2023-07-05 14:02:00
348,PF,João Guilherme Farias,nan,3158598574,nan,jo.o.guilherme.farias.348@example.com,5568933901981,True,2020-09-15 17:11:41,2021-04-05 16:21:45
349,PJ,Silveira S.A.,Lima,23918743000140,954899529,silveira.s.a.349@example.com,5578977293430,True,2020-07-12 11:17:44,2026-09-18 11:15:35
350,PF,Apollo Martins,nan,30278607390,nan,apollo.martins.350@example.com,5539966055830,True,2021-09-10 20:22:19,2025-08-31 13:10:21
351,PF,Gabriela Sales,nan,60652978606,nan,gabriela.sales.351@example.com,5541944885015,True,2026-11-28 02:07:32,2026-12-25 08:19:23
352,PF,Dr. Arthur Cavalcanti,nan,50268525803,nan,dr.arthur.cavalcanti.352@example.com,5555977027278,True,2025-09-23 09:19:38,2025-11-02 09:11:12
353,PJ,Martins ME,nan,97731577000105,608495880,martins.me.353@example.com,5595951240568,True,2024-11-23 15:30:48,2025-06-15 08:23:32
354,PF,Mathias Cirino,nan,77451666832,nan,mathias.cirino.354@example.com,5514950461735,True,2023-07-12 00:41:54,2026-11-15 09:44:32
355,PF,Liz Cunha,nan,48751566850,nan,liz.cunha.355@example.com,5542915031780,True,2020-02-15 00:32:48,2022-04-05 18:19:11
356,PF,Sarah Cassiano,nan,23337482066,nan,sarah.cassiano.356@example.com,5557984521823,True,2023-01-31 14:06:04,2023-11-01 06:53:39
357,PJ,Marques - ME,Abreu Ltda.,39053769000103,091570184,marques.me.357@example.com,5594935334485,True,2026-11-07 08:17:22,2026-12-25 11:22:27
358,PF,Bárbara da Mata,nan,34464200290,nan,b.rbara.da.mata.358@example.com,55024910988138,True,2020-03-13 21:47:31,2020-03-30 19:00:46
359,PJ,Novaes ME,da Mata,99421965000115,249321495,novaes.me.359@example.com,5570920701601,True,2022-09-25 13:45:13,2022-10-20 04:35:31
360,PF,Maria Júlia Cavalcanti,nan,77606939900,nan,maria.j.lia.cavalcanti.360@example.com,5597995453817,False,2022-08-09 06:03:38,2023-06-09 12:49:32
361,PJ,Borges Sampaio - ME,Marques Ltda.,13705742000164,773329456,borges.sampaio.me.361@example.com,55055977017157,True,2021-12-04 16:19:53,2024-03-18 21:23:58
362,PJ,Cavalcante ME,Vargas,6977161000116,599281615,cavalcante.me.362@example.com,5514987696393,True,2020-10-26 14:50:27,2024-07-11 06:28:01
363,PJ,Mendes Gomes S/A S.A.,Costela,60561745000151,966958321,mendes.gomes.s.a.s.a.363@example.com,5571999758172,True,2024-09-23 05:36:04,2026-04-10 02:12:23
364,PJ,Guerra S.A.,Peixoto S/A,50673296000180,965701329,guerra.s.a.364@example.com,5522978469973,True,2026-10-01 09:08:02,2026-11-11 21:28:24
365,PF,Liam da Rosa,nan,32935731930,nan,liam.da.rosa.365@example.com,5546951909862,True,2021-09-19 16:53:43,2026-07-08 14:04:13
366,PF,Bento Freitas,nan,3407653646,nan,bento.freitas.366@example.com,5500985140369,True,2023-02-18 04:06:46,2024-05-18 13:54:46
367,PF,Luiza Silva,nan,62360178750,nan,luiza.silva.367@example.com,5566968327238,True,2021-05-22 22:28:59,2026-02-11 08:36:04
368,PF,Maria Cecília Leão,nan,96922117549,nan,maria.cec.lia.le.o.368@example.com,55042920102762,True,2023-12-31 14:39:01,2026-03-15 06:38:06
369,PJ,Carvalho e Filhos Ltda,Marques,17805629000101,969278687,carvalho.e.filhos.ltda.369@example.com,5553926909738,True,2026-04-06 16:12:42,2026-08-16 14:07:25
370,PF,Noah Nogueira,nan,18854088978,nan,noah.nogueira.370@example.com,5550909751971,True,2025-11-21 14:02:18,2026-11-14 20:52:50
371,PF,Vinicius Sá,nan,99568745742,nan,vinicius.s.371@example.com,5578918913718,True,2021-08-26 21:23:00,2025-12-09 10:18:58
372,PJ,Pimenta EIRELI,Fernandes - EI,75918945000196,077879565,pimenta.eireli.372@example.com,5542909494079,True,2021-08-14 22:17:47,2023-09-11 02:16:51
373,PF,Benjamim Ribeiro,nan,24916680928,nan,benjamim.ribeiro.373@example.com,5590947128144,True,2025-01-03 12:07:06,2026-02-15 08:23:36
374,PF,João Lucas da Mota,nan,45199378090,nan,jo.o.lucas.da.mota.374@example.com,5501992927524,True,2025-07-17 02:09:18,2026-07-12 09:57:36
375,PF,Srta. Raquel Cirino,nan,63777709280,nan,srta.raquel.cirino.375@example.com,5505912927663,True,2022-03-26 11:25:30,2023-11-30 06:00:47
376,PF,Maysa Silveira,nan,15616633950,nan,maysa.silveira.376@example.com,55039950410276,True,2020-12-09 17:45:37,2022-02-21 01:41:16
377,PJ,da Rosa ME,Souza,57991406000109,836674286,da.rosa.me.377@example.com,5547965801856,True,2024-10-27 04:53:30,2024-11-09 13:18:24
378,PF,Júlia Farias,nan,86623663410,nan,j.lia.farias.378@example.com,5541949673938,True,2020-11-26 02:06:56,2021-05-16 05:42:15
379,PF,Sr. Levi Novaes,nan,15004337489,nan,sr.levi.novaes.379@example.com,5501906181753,True,2021-09-05 12:48:35,2026-04-25 13:28:38
380,PJ,da Cunha EIRELI,Andrade Alves - EI,38323000000103,109391119,da.cunha.eireli.380@example.com,55069921244717,True,2023-03-09 16:35:18,2026-07-08 17:27:33
381,PJ,Vargas S.A.,Sales,60535443000109,542140665,vargas.s.a.381@example.com,5544927173962,True,2024-08-13 02:28:12,2026-02-06 19:31:10
382,PF,Rebeca Caldeira,nan,73009559917,nan,rebeca.caldeira.382@example.com,55086939174101,True,2025-03-10 01:52:17,2025-04-22 03:01:15
383,PJ,Oliveira e Filhos S.A.,Vasconcelos,6425159000134,707200642,oliveira.e.filhos.s.a.383@example.com,5569908776618,True,2022-04-09 07:18:33,2025-12-01 03:29:58
384,PF,Alexandre Gomes,nan,10908958951,nan,alexandre.gomes.384@example.com,55019985546015,True,2025-07-22 10:36:08,2026-04-17 05:36:45
385,PJ,Barros EIRELI,Teixeira,40939652000100,432806346,barros.eireli.385@example.com,5557917320309,True,2023-03-09 22:07:20,2023-10-06 23:46:47
386,PF,Samuel Gomes,nan,9001261086,nan,samuel.gomes.386@example.com,5584978700505,True,2023-06-16 05:07:22,2026-09-13 15:10:09
387,PF,Srta. Maria Luiza Campos,nan,43033130763,nan,srta.maria.luiza.campos.387@example.com,5587982931027,True,2023-07-27 19:02:08,2026-03-18 11:02:27
388,PF,Allana Melo,nan,14410666320,nan,allana.melo.388@example.com,5503920204179,False,2021-10-18 20:29:09,2025-07-20 20:45:56
389,PF,Benício Caldeira,nan,24263001753,nan,ben.cio.caldeira.389@example.com,5579993136565,True,2022-02-05 15:46:18,2026-04-01 18:41:41
390,PF,Yago Carvalho,nan,16036622198,nan,yago.carvalho.390@example.com,5530992511426,True,2026-05-27 16:34:47,2026-09-09 16:38:35
391,PF,Léo Novaes,nan,10172769000,nan,l.o.novaes.391@example.com,55073990219620,True,2026-08-12 07:33:20,2026-10-22 07:54:38
392,PF,Anna Liz Abreu,nan,90276839218,nan,anna.liz.abreu.392@example.com,5521994672324,False,2022-01-15 22:18:08,2026-08-31 12:19:20
393,PJ,Jesus S.A.,Cavalcanti Pimenta e Filhos,7518829000120,092791456,jesus.s.a.393@example.com,5583931819588,True,2026-11-22 01:33:57,2026-11-30 13:01:51
394,PJ,Martins Vargas e Filhos ME,da Mota Aragão S.A.,37565946000105,127722005,martins.vargas.e.filhos.me.394@example.com,5563945970108,True,2023-12-10 10:02:07,2024-03-21 08:12:49
395,PJ,Castro Viana S/A Ltda,nan,19305247000144,781137995,castro.viana.s.a.ltda.395@example.com,5535931531363,True,2022-09-10 18:16:25,2026-09-05 15:20:20
396,PF,Hellena Barbosa,nan,65425007310,nan,hellena.barbosa.396@example.com,55097906239726,True,2020-08-21 02:30:33,2025-07-13 09:47:01
397,PF,Sr. Raul Silveira,nan,54790993108,nan,sr.raul.silveira.397@example.com,5554935209042,True,2023-03-31 11:53:23,2024-07-15 03:06:38
398,PJ,Martins - ME,Cavalcante,63893166000102,534929298,martins.me.398@example.com,5516987397740,True,2022-03-29 12:31:58,2025-01-20 20:20:30
399,PF,Sra. Isadora da Cruz,nan,14908217165,nan,sra.isadora.da.cruz.399@example.com,5569939290600,True,2024-10-28 07:05:06,2025-09-11 04:18:37
400,PF,Sofia Andrade,nan,63450160710,nan,sofia.andrade.400@example.com,5586971773180,True,2022-01-11 03:20:58,2024-09-20 08:15:14
401,PJ,Cunha S.A.,Fogaça da Rocha S.A.,1641943000166,107427990,cunha.s.a.401@example.com,55072962570165,False,2020-03-11 05:34:15,2021-11-06 14:18:37
402,PF,Ana Beatriz da Rocha,nan,1966519052,nan,ana.beatriz.da.rocha.402@example.com,5549989319508,True,2026-08-15 06:37:24,2026-09-19 16:16:23
403,PJ,Aragão EIRELI,Gomes Ltda.,98374392000153,790552818,arag.o.eireli.403@example.com,5525938179335,True,2026-09-01 03:17:11,2026-12-03 14:47:15
404,PJ,da Mata EIRELI,da Mota,71340396000164,015577881,da.mata.eireli.404@example.com,55088947951371,True,2025-02-18 02:49:17,2025-11-30 17:37:21
405,PF,Matteo Cavalcanti,nan,97705018837,nan,matteo.cavalcanti.405@example.com,5511924127238,True,2025-08-06 17:51:49,2025-09-05 16:25:09
406,PF,Alícia da Rocha,nan,96399366933,nan,al.cia.da.rocha.406@example.com,5582975670431,True,2024-12-16 08:00:57,2025-04-15 11:12:24
407,PF,Igor Moreira,nan,66977537221,nan,igor.moreira.407@example.com,5569955798877,True,2021-02-11 15:26:26,2023-03-06 02:36:12
408,PJ,Nunes S.A.,vieira das neves s.a.,92142232000100,437540254,nunes.s.a.408@example.com,55029928422223,True,2024-11-07 06:45:25,2026-08-20 01:51:44
409,PF,Asafe Dias,nan,63821980486,nan,asafe.dias.409@example.com,5527945238055,True,2020-04-05 22:57:10,2020-08-30 22:52:11
410,PF,Marcelo Machado,nan,47338234876,nan,marcelo.machado.410@example.com,5528941067275,True,2026-12-17 17:31:36,2026-12-23 21:26:00
411,PJ,Abreu Sousa - EI Ltda,Ramos,68464486000152,474929751,abreu.sousa.ei.ltda.411@example.com,55002981406937,True,2025-03-02 23:38:12,2026-08-02 07:46:15
412,PJ,Borges ME,Araújo,47595677000183,939834301,borges.me.412@example.com,5571986375998,True,2026-03-07 00:24:54,2026-05-05 02:33:39
413,PJ,Rios Ltda.,Casa Grande,45715387000109,656504554,rios.ltda.413@example.com,55081937674266,True,2021-10-15 01:32:39,2026-02-04 05:28:04
414,PF,Caio Casa Grande,nan,74241686494,nan,caio.casa.grande.414@example.com,5547985196106,True,2022-11-16 07:53:41,2024-07-07 17:04:09
415,PJ,Leão ME,Novais Martins e Filhos,26831473000124,923264870,le.o.me.415@example.com,5594978730024,True,2020-08-25 10:44:28,2025-07-27 03:37:47
416,PF,Ravy Campos,nan,85258781623,nan,ravy.campos.416@example.com,5562973014719,True,2026-01-30 11:29:06,2026-10-03 04:32:46
417,PJ,Pacheco S.A.,Nunes,71315437000162,647158904,pacheco.s.a.417@example.com,55090925725204,True,2022-08-20 00:30:35,2026-04-11 00:05:11
418,PF,Dr. Luiz Henrique Aragão,nan,31618848178,nan,dr.luiz.henrique.arag.o.418@example.com,5548918321928,True,2024-10-14 12:45:12,2025-09-14 23:36:14
419,PF,Dr. Kevin da Mata,nan,98629196475,nan,dr.kevin.da.mata.419@example.com,5518995202845,True,2023-12-01 17:06:00,2024-03-28 05:06:46
420,PF,Maria Sophia Fernandes,nan,96669797486,nan,maria.sophia.fernandes.420@example.com,55013928338988,True,2020-10-27 11:26:00,2022-12-18 07:28:43
421,PF,Dra. Bruna Leão,nan,41292813059,nan,dra.bruna.le.o.421@example.com,55011920754527,True,2025-01-05 00:33:34,2026-11-28 01:17:46
422,PJ,Cavalcanti ME,Alves,88240314000102,132234232,cavalcanti.me.422@example.com,5561910760310,True,2022-04-02 14:27:50,2023-09-10 07:15:27
423,PF,Sophie Pastor,nan,63163828558,nan,sophie.pastor.423@example.com,5571940140119,True,2021-04-03 13:23:48,2024-09-21 14:53:36
424,PJ,Pastor Costa S.A.,nan,99655414000116,501249552,pastor.costa.s.a.424@example.com,5593989119083,True,2022-04-05 17:30:17,2025-09-27 16:45:58
425,PJ,da Paz Cavalcante - EI ME,nan,74613211000136,013875927,da.paz.cavalcante.ei.me.425@example.com,5525966383615,True,2020-09-01 05:00:21,2025-07-07 06:05:03
426,PJ,Martins S/A ME,nan,87008855000147,827548015,martins.s.a.me.426@example.com,55016947947386,True,2024-05-12 16:47:50,2025-03-03 15:12:41
427,PJ,Lima ME,Azevedo Melo e Filhos,2371914000194,520716781,lima.me.427@example.com,5526969121535,True,2024-12-17 07:24:39,2026-11-27 08:10:09
428,PJ,Peixoto Guerra S/A ME,Lima Silveira - ME,67964662000152,499465796,peixoto.guerra.s.a.me.428@example.com,55084927114773,True,2024-01-04 05:16:41,2025-03-04 02:25:24
429,PF,Catarina Alves,nan,12922500462,nan,catarina.alves.429@example.com,5501970269524,True,2022-05-18 21:12:45,2022-09-28 18:33:49
430,PF,Aylla Teixeira,nan,99079722820,nan,aylla.teixeira.430@example.com,5587973477848,False,2022-10-18 00:43:55,2025-02-15 11:46:15
431,PJ,Nogueira S.A.,nan,51003610000180,800616756,nogueira.s.a.431@example.com,55070902842762,True,2025-04-20 11:35:01,2026-03-14 16:47:09
432,PJ,Silva EIRELI,Mendonça,45081495000169,197889778,silva.eireli.432@example.com,55080964796954,True,2025-05-26 13:55:52,2026-06-02 07:27:26
433,PF,Sr. Arthur Pastor,nan,11366125991,nan,sr.arthur.pastor.433@example.com,5525959056165,True,2020-01-24 15:35:35,2020-09-15 00:32:26
434,PF,Dr. Luiz Fernando Araújo,nan,36035813186,nan,dr.luiz.fernando.ara.jo.434@example.com,5533949114152,True,2023-11-25 10:12:18,2026-03-15 04:44:48
435,PF,Vitor Gabriel Duarte,nan,71949525996,nan,vitor.gabriel.duarte.435@example.com,5576998640790,True,2025-01-09 06:39:19,2026-11-10 20:59:30
436,PF,Dr. Mathias Duarte,nan,2067739948,nan,dr.mathias.duarte.436@example.com,5517913578529,True,2024-06-09 01:54:26,2026-07-13 06:33:53
437,PF,Luiz Otávio Lopes,nan,68194461367,nan,luiz.ot.vio.lopes.437@example.com,5571983440496,True,2022-08-19 00:36:35,2024-12-12 10:32:25
438,PJ,Pinto Souza S/A Ltda,nan,80136662000122,919541987,pinto.souza.s.a.ltda.438@example.com,5535914846853,True,2022-12-17 18:04:08,2023-08-30 23:53:48
439,PJ,Guerra S.A.,nan,12520501000188,498782082,guerra.s.a.439@example.com,5573974896908,True,2025-11-20 08:41:25,2026-09-28 04:45:09
440,PF,Luiz Otávio Martins,nan,24822672000,nan,luiz.ot.vio.martins.440@example.com,55032946651364,True,2021-03-17 17:09:40,2026-05-22 00:52:07
441,PF,Enrico da Cunha,nan,77684119605,nan,enrico.da.cunha.441@example.com,nan,True,2023-01-12 21:27:37,2025-02-19 22:04:00
442,PJ,Novais ME,nan,41354892000106,660324204,novais.me.442@example.com,5582907001594,True,2024-04-10 12:33:06,2024-09-19 01:53:51
443,PF,Nicolas Fonseca,nan,35546639806,nan,nicolas.fonseca.443@example.com,5562931981898,False,2024-08-14 02:16:00,2026-07-29 13:58:42
444,PF,Theo Borges,nan,93248209151,nan,theo.borges.444@example.com,5591955963632,True,2023-05-08 14:40:23,2025-05-31 15:44:24
445,PJ,Cavalcanti S.A.,Macedo,54053354000123,649078515,cavalcanti.s.a.445@example.com,5567934257540,True,2023-09-07 17:06:05,2026-11-09 15:54:42
446,PJ,Sousa e Filhos Ltda,nan,29546523000110,034864518,sousa.e.filhos.ltda.446@example.com,5576906441343,True,2025-11-23 05:34:14,2026-08-25 23:32:01
447,PF,Pedro Lucas Pires,nan,5218135739,nan,pedro.lucas.pires.447@example.com,5560941776561,True,2023-10-23 06:22:30,2023-12-20 17:47:23
448,PF,José Pedro Montenegro,nan,85906407103,nan,jos.pedro.montenegro.448@example.com,5556998570027,True,2020-08-07 02:34:47,2021-09-06 15:20:05
449,PF,Catarina Abreu,nan,89733917982,nan,catarina.abreu.449@example.com,5534959112382,True,2026-12-11 06:49:08,2026-12-24 22:13:07
450,PF,Maria Sophia Vieira,nan,50184793378,nan,maria.sophia.vieira.450@example.com,5577924295431,True,2021-06-29 04:32:07,2022-05-27 21:41:50
451,PF,Maria Eduarda Cirino,nan,75040293607,nan,maria.eduarda.cirino.451@example.com,5569930089317,True,2022-02-09 20:17:23,2024-11-24 03:29:58
452,PF,João Sampaio,nan,69415729490,nan,jo.o.sampaio.452@example.com,55006996942152,False,2020-08-30 07:53:49,2022-07-27 11:43:10
453,PF,Bárbara Albuquerque,nan,47856792809,nan,b.rbara.albuquerque.453@example.com,5567971333447,True,2026-12-04 18:40:49,2026-12-27 00:52:23
454,PF,Caroline Lopes,nan,52963035128,nan,caroline.lopes.454@example.com,5593943626204,True,2020-08-06 01:07:32,2021-09-03 17:07:42
455,PJ,da Costa Ltda,da Cruz,92617941000197,597107256,da.costa.ltda.455@example.com,5566994118005,True,2022-07-06 07:06:21,2025-12-10 03:12:43
456,PJ,Melo Fogaça - EI Ltda,Abreu Ltda.,87161526000131,896465280,melo.foga.a.ei.ltda.456@example.com,5524928757215,False,2021-11-07 05:36:24,2025-10-18 18:26:36
457,PF,Dra. Marina Casa Grande,nan,44220746790,nan,dra.marina.casa.grande.457@example.com,5515902745644,True,2024-03-10 09:20:35,2025-05-15 14:02:43
458,PJ,Moreira Ltda,Lopes,33513135000100,257287032,moreira.ltda.458@example.com,(11) 9999-9999,True,2026-10-25 22:25:16,2026-10-29 17:09:16
459,PF,Pedro Miguel Fogaça,nan,52189372313,nan,pedro.miguel.foga.a.459@example.com,5577971215134,True,2022-12-26 21:36:11,2023-02-04 21:38:02
460,PF,Enzo Gabriel Souza,nan,72231218585,nan,enzo.gabriel.souza.460@example.com,5549993908926,True,2021-09-17 06:11:25,2023-07-01 15:10:44
461,PF,Josué Vargas,nan,34571780702,nan,josu.vargas.461@example.com,55015904165915,True,2023-05-19 13:58:18,2023-10-30 02:59:18
462,PJ,Alves Barros - ME,Marques,37352912000132,490509759,alves.barros.me.462@example.com,55030945018961,True,2020-12-16 12:28:47,2024-01-19 16:25:15
463,PF,Jade Cavalcanti,nan,93879965226,nan,jade.cavalcanti.463@example.com,5561903266421,True,2026-02-14 13:08:42,2026-02-14 15:08:40
464,PJ,Mendonça ME,Sousa,19068769000170,492515837,mendon.a.me.464@example.com,55067949961659,True,2021-05-08 04:31:28,2026-01-27 12:47:47
465,PF,Pedro Henrique Pires,nan,67366757403,nan,pedro.henrique.pires.465@example.com,5510985732788,True,2020-07-22 18:29:17,2025-12-05 05:31:30
466,PF,João Vitor Martins,nan,80864057105,nan,jo.o.vitor.martins.466@example.com,5517942243864,False,2023-12-01 04:27:21,2024-08-31 14:06:33
467,PF,Ana Julia Novaes,nan,73632027455,000000000,ana.julia.novaes.467@example.com,5508918661794,True,2020-01-09 00:48:49,2024-10-26 05:17:13
468,PF,Dr. Bruno Vargas,nan,17176717052,nan,dr.bruno.vargas.468@example.com,5501972260164,True,2026-08-21 06:43:50,2026-09-06 09:37:26
469,PF,Dr. Rael Pinto,nan,8499544100,nan,dr.rael.pinto.469@example.com,5552932194168,True,2022-06-08 02:06:03,2023-07-24 21:25:52
470,PJ,Abreu - ME,Albuquerque S.A.,33806119000105,776974995,abreu.me.470@example.com,5541922031030,True,2023-11-24 10:29:56,2025-09-23 00:46:03
471,PF,Rodrigo Rezende,nan,21643266527,nan,rodrigo.rezende.471@example.com,55036983147276,True,2022-02-01 23:26:31,2026-10-21 22:12:27
472,PJ,Camargo S.A.,nan,9841033000139,277707933,camargo.s.a.472@example.com,5596905016679,True,2024-08-11 08:44:59,2026-08-26 22:28:46
473,PF,Lavínia Andrade,nan,76906374508,nan,lav.nia.andrade.473@example.com,55067989973080,True,2022-01-06 17:37:34,2023-04-27 11:20:34
474,PF,Luara Novaes,nan,90041768531,nan,luara.novaes.474@example.com,5546971795760,True,2024-11-25 00:32:30,2025-06-12 10:01:52
475,PJ,da Paz Silveira S.A.,Ferreira,14807929000131,738395972,da.paz.silveira.s.a.475@example.com,5566957293417,True,2023-03-17 20:38:21,2023-08-19 06:51:11
476,PF,Erick Costa,nan,74943933238,nan,erick.costa.476@example.com,55097916743380,True,2025-08-17 18:25:35,2025-11-09 18:55:45
477,PF,João da Silva,nan,5857105200,nan,luiz.henrique.da.luz.477@example.com,5522980156193,True,2023-11-13 09:21:22,2024-11-20 02:31:39
478,PJ,Novais S.A.,da Luz,12876398000103,550842891,novais.s.a.478@example.com,5577911991808,True,2026-02-17 20:05:38,2026-03-12 07:13:17
479,PJ,Cavalcante e Filhos EIRELI,Costela Ltda.,43341226000169,247871255,cavalcante.e.filhos.eireli.479@example.com,55013976037548,True,2021-08-26 10:40:21,2025-11-04 04:54:01
480,PJ,Barros da Mata Ltda.,Fonseca,47314438000108,328632666,barros.da.mata.ltda.480@example.com,55085907208115,True,2021-02-14 05:58:37,2021-10-15 02:02:31
481,PF,Dr. Enzo Lopes,nan,94982884293,nan,dr.enzo.lopes.481@example.com,5560929084668,True,2025-05-16 00:52:02,2026-04-21 04:02:23
482,PF,Levi Ferreira,nan,95864507598,nan,levi.ferreira.482@example.com,5548992673899,True,2023-07-23 09:28:21,2023-11-23 13:45:20
483,PF,Melina Sampaio,nan,14441355971,nan,melina.sampaio.483@example.com,5563941085628,True,2024-11-22 06:04:00,2026-04-18 20:15:01
484,PF,Larissa Cunha,nan,70202421384,nan,larissa.cunha.484@example.com,5588948520089,True,2026-09-12 09:38:11,2026-09-18 19:54:55
485,PF,Isaque Vasconcelos,nan,78700325228,nan,isaque.vasconcelos.485@example.com,5568910548510,True,2024-07-03 07:19:20,2026-10-19 22:18:45
486,PJ,Machado Ltda.,Marques Ltda.,38690539000192,399893544,machado.ltda.486@example.com,5526983158935,True,2021-01-28 11:22:17,2023-04-12 19:39:49
487,PJ,Brito ME,nan,12515607000193,266110627,brito.me.487@example.com,5571958698864,True,2024-01-13 17:04:53,2026-10-14 13:09:20
488,PJ,Porto ME,nan,23719624000169,677622827,porto.me.488@example.com,55028981377028,True,2025-10-15 14:25:39,2025-10-19 14:45:07
489,PF,Sr. Nicolas Camargo,nan,65478643327,nan,sr.nicolas.camargo.489@example.com,5559940821545,True,2021-11-05 17:36:43,2025-10-28 03:43:19
490,PJ,da Rocha EIRELI,nan,65469515000180,702296044,da.rocha.eireli.490@example.com,5527901851067,True,2023-05-26 10:17:33,2023-09-05 03:11:35
491,PF,Luana Nunes,nan,72539940943,nan,luana.nunes.491@example.com,55056979228777,True,2025-07-06 15:51:59,2026-11-17 18:20:51
492,PJ,Siqueira Duarte S/A ME,nan,8311710000144,996636580,siqueira.duarte.s.a.me.492@example.com,55041920948181,True,2026-12-06 08:34:48,2026-12-29 20:01:32
493,PJ,Pinto Nogueira - EI Ltda,Nunes - EI,87639339000110,378018204,pinto.nogueira.ei.ltda.493@example.com,5539971895690,True,2022-02-04 10:26:27,2023-10-02 11:18:56
494,PJ,Almeida Ltda,Lopes,80426122000183,260856411,almeida.ltda.494@example.com,5582942241246,True,2021-02-05 18:47:14,2024-06-07 07:06:16
495,PF,Eloá Araújo,nan,87226499053,nan,elo.ara.jo.495@example.com,5552900461526,True,2022-11-23 03:11:26,2024-04-05 05:36:39
496,PF,Dr. Marcos Vinicius Campos,nan,2574124928,nan,dr.marcos.vinicius.campos.496@example.com,5533999378861,True,2021-05-24 22:34:05,2024-04-25 20:57:51
497,PF,Bento Dias,nan,23619197458,nan,bento.dias.497@example.com,55086917063048,True,2023-12-05 14:33:00,2024-01-08 03:17:46
498,PF,Beatriz da Cruz,nan,67355904221,nan,beatriz.da.cruz.498@example.com,5524996718325,True,2021-04-17 14:28:26,2022-11-23 03:13:06
499,PJ,Viana da Cruz - EI Ltda,Novais,86710723000108,700794200,viana.da.cruz.ei.ltda.499@example.com,55049946539840,True,2023-11-12 21:49:14,2025-08-29 16:04:08
500,PF,Vitor Nunes,nan,59571525286,nan,vitor.nunes.500@example.com,5541961284639,True,2026-05-03 21:24:47,2026-05-10 11:23:14
501,PF,Luiza Rodrigues,nan,54846669378,nan,luiza.rodrigues.501@example.com,5547943553795,True,2025-09-01 04:23:11,2025-11-11 02:19:43
502,PJ,Sales S.A.,pereira - me,48331999000188,002687681,sales.s.a.502@example.com,5580971569562,True,2025-10-07 20:31:56,2026-08-15 04:31:07
503,PF,Srta. Camila Martins,nan,6847162759,nan,srta.camila.martins.503@example.com,5537903045319,True,2021-06-01 13:34:12,2026-05-12 08:32:06
504,PF,Liz Silva,nan,6521583409,nan,liz.silva.504@example.com,5537950479303,True,2023-07-13 17:39:14,2025-07-18 15:10:06
505,PJ,Camargo S.A.,Nunes,94109577000180,872839992,camargo.s.a.505@example.com,5592912493843,True,2024-05-06 23:25:53,2025-12-06 08:22:39
506,PJ,Sales e Filhos S.A.,nan,5913276000184,894870605,sales.e.filhos.s.a.506@example.com,5564918775803,True,2025-07-01 03:03:57,2026-04-02 17:34:09
507,PF,João Lucas Leão,nan,63349361153,nan,jo.o.lucas.le.o.507@example.com,5575906351903,True,2022-08-14 09:14:31,2025-06-25 10:50:49
508,PJ,Barbosa ME,Costa Cavalcante Ltda.,95592027000127,411076095,barbosa.me.508@example.com,5531973505831,True,2026-10-18 23:41:25,2026-12-02 02:02:53
509,PF,Maysa Teixeira,nan,41551178605,nan,maysa.teixeira.509@example.com,5579911006512,True,2020-04-18 05:57:15,2025-03-21 04:14:49
510,PF,Pedro Miguel Araújo,nan,12293178803,nan,pedro.miguel.ara.jo.510@example.com,5596911080466,True,2021-06-16 12:26:01,2022-04-20 12:02:12
511,PJ,Pinto - ME,Peixoto Viana e Filhos,27239231000109,907676991,pinto.me.511@example.com,5507985931109,True,2024-05-27 17:06:13,2025-11-06 07:55:24
512,PF,Srta. Evelyn Oliveira,nan,19866929906,nan,srta.evelyn.oliveira.512@example.com,55084956797232,True,2026-11-04 15:33:11,2026-11-12 08:50:16
513,PF,Bento Cardoso,nan,23693131457,nan,bento.cardoso.513@example.com,5596985498227,True,2021-10-19 04:19:57,2025-07-03 04:27:31
514,PF,Luigi da Rocha,nan,9998266114,nan,luigi.da.rocha.514@example.com,5508992038806,False,2026-04-05 21:35:55,2026-04-13 03:38:20
515,PJ,Costa Ltda,Porto Costa S/A,63336265000185,537795995,costa.ltda.515@example.com,5546952170730,True,2020-04-24 15:55:53,2022-11-30 06:23:33
516,PF,Heloisa Sales,nan,55774119980,nan,heloisa.sales.516@example.com,5579933756362,True,2022-12-11 11:37:35,2023-09-07 00:21:12
517,PF,Luiz Miguel Albuquerque,nan,31841589187,nan,luiz.miguel.albuquerque.517@example.com,5550981247395,True,2021-03-01 11:02:51,2025-10-10 05:52:10
518,PF,Arthur Costa,nan,84340248703,nan,arthur.costa.518@example.com,5542934258323,True,2025-10-20 18:36:28,2026-08-13 13:58:06
519,PF,Felipe da Luz,nan,67279233457,nan,felipe.da.luz.519@example.com,5502961534735,True,2025-08-25 14:00:10,2026-08-15 10:01:03
520,PJ,Ribeiro S.A.,nan,20825276000116,289611223,ribeiro.s.a.520@example.com,5586955963099,True,2021-06-05 13:59:59,2024-08-11 17:45:38
521,PJ,Nascimento da Rocha S.A.,da Cruz,6684376000149,042897317,nascimento.da.rocha.s.a.521@example.com,5512986857872,False,2020-02-02 00:19:15,2022-08-21 18:59:39
522,PJ,Silva ME,nan,76030426000150,587774969,silva.me.522@example.com,5533937363466,True,2025-02-16 14:12:00,2025-11-16 14:48:00
523,PJ,Freitas da Cunha - EI Ltda,Carvalho S/A,20953213000145,478539078,freitas.da.cunha.ei.ltda.523@example.com,5556977665754,True,2021-07-24 16:20:50,2021-11-15 14:27:22
524,PF,Amanda Cavalcanti,nan,7401390108,nan,amanda.cavalcanti.524@example.com,55034915148881,True,2022-11-24 08:41:06,2025-04-26 05:37:28
525,PF,Ian Brito,nan,67088639874,nan,ian.brito.525@example.com,5515908353544,True,2020-12-27 01:15:27,2025-07-30 00:17:52
526,PF,Dra. Kamilly Correia,nan,86772194209,nan,dra.kamilly.correia.526@example.com,5528940445669,True,2021-09-05 16:27:48,2023-10-21 21:31:14
527,PJ,Melo e Filhos Ltda,nan,71436291000103,826333738,melo.e.filhos.ltda.527@example.com,5587975153663,True,2024-06-05 14:06:47,2025-02-24 20:31:56
528,PJ,Machado ME,nan,5304190000154,805292407,machado.me.528@example.com,5553966684590,True,2023-08-30 14:10:47,2025-12-27 07:37:24
529,PF,Ana Beatriz Carvalho,nan,44475318289,nan,ana.beatriz.carvalho.529@example.com,55059999966361,True,2023-06-09 18:28:37,2023-08-15 16:59:36
530,PJ,Correia Ltda,Caldeira,13466038000104,597412182,correia.ltda.530@example.com,5597902316433,True,2021-02-19 19:21:19,2026-05-14 06:30:46
531,PF,Vinicius Azevedo,nan,29437117640,nan,vinicius.azevedo.531@example.com,55005980256621,True,2023-05-31 09:59:05,2023-08-09 18:30:14
532,PF,Vitor Gabriel Leão,nan,37919064023,nan,vitor.gabriel.le.o.532@example.com,55016932346729,True,2022-06-20 13:08:03,2022-08-18 16:22:55
533,PF,Luana Pastor,nan,47534723450,nan,luana.pastor.533@example.com,5587943027169,True,2025-02-18 12:22:09,2026-10-26 00:08:26
534,PF,Vinicius Farias,nan,19930000208,nan,vinicius.farias.534@example.com,5577979014754,True,2022-08-16 10:31:36,2025-11-12 01:09:37
535,PF,Emanuella Leão,nan,60880407859,nan,emanuella.le.o.535@example.com,5529967629160,True,2022-09-06 11:49:11,2024-12-05 21:15:27
536,PF,Emanuel da Mota,nan,92820027130,nan,emanuel.da.mota.536@example.com,5541937681511,True,2024-01-28 15:59:16,2024-12-14 02:03:59
537,PF,Lunna Jesus,nan,29886487780,nan,lunna.jesus.537@example.com,55024938070176,True,2024-11-27 08:36:29,2026-09-21 07:36:17
538,PF,Dr. Gael Gonçalves,nan,57748851948,nan,dr.gael.gon.alves.538@example.com,5504912577711,True,2022-08-24 13:25:11,2026-08-12 00:43:34
539,PJ,Silva Macedo S.A.,nan,76217132000131,742209124,silva.macedo.s.a.539@example.com,5586921042752,True,2026-10-23 07:06:08,2026-11-30 20:40:28
540,PF,Arthur Gabriel Rocha,nan,63606944330,nan,arthur.gabriel.rocha.540@example.com,5537908164709,True,2025-04-19 21:01:01,2026-05-26 03:53:49
541,PF,Benicio Vargas,nan,91705108733,nan,benicio.vargas.541@example.com,5533953310600,True,2021-05-17 21:01:12,2024-06-18 18:37:19
542,PF,Genérico,nan,47606628556,nan,sr.ben.cio.c.mara.542@example.com,5522906815583,True,2020-06-30 00:24:23,2021-06-25 11:37:37
543,PF,Giovanna Nogueira,nan,67049272639,nan,giovanna.nogueira.543@example.com,5561933155206,True,2022-03-16 01:46:11,2023-07-30 21:47:32
544,PF,Luara Albuquerque,nan,95865132113,nan,luara.albuquerque.544@example.com,5537931495013,True,2024-10-25 03:29:00,2025-08-10 03:18:37
545,PF,Liz Vargas,nan,89504627706,nan,liz.vargas.545@example.com,5571989241956,True,2025-08-24 15:40:42,2026-03-04 02:57:28
546,PJ,Farias Cavalcanti e Filhos Ltda,nan,63938605000148,571509976,farias.cavalcanti.e.filhos.ltda.546@example.com,5538990309143,True,2020-09-16 09:32:09,2022-01-15 13:43:12
547,PF,Sra. Isabelly Pinto,nan,44970369100,nan,sra.isabelly.pinto.547@example.com,11111111111,True,2022-03-19 06:08:49,2024-02-18 10:34:59
548,PJ,Silveira Peixoto - ME,Carvalho,51548820000153,450864035,silveira.peixoto.me.548@example.com,5533980339685,True,2026-10-23 02:16:13,2026-12-05 04:46:59
549,PJ,Macedo Pires S/A EIRELI,Mendonça S/A,60403840000127,302321298,macedo.pires.s.a.eireli.549@example.com,5538916742336,True,2024-04-02 21:54:36,2025-12-30 01:26:09
550,PF,Josué da Rosa,nan,99234947134,nan,josu.da.rosa.550@example.com,5597934715662,True,2022-02-02 00:02:45,2025-12-07 17:55:29
551,PF,Maysa Lima,nan,76388988423,nan,maysa.lima.551@example.com,5596927066149,True,2026-01-25 19:38:25,2026-12-03 21:09:57
552,PJ,Novaes Siqueira S.A.,nan,76686832000175,467474689,novaes.siqueira.s.a.552@example.com,55015927323008,True,2026-02-09 00:13:35,2026-05-03 12:19:50
553,PJ,Mendonça EIRELI,Leão,977308000191,656749160,mendon.a.eireli.553@example.com,5569923645875,True,2026-12-14 19:40:07,2026-12-19 04:17:17
554,PJ,Rezende - ME,Sousa,67976202000144,337050249,rezende.me.554@example.com,55024939920116,True,2020-10-10 07:28:12,2022-08-26 20:06:40
555,PJ,Santos S.A.,Moreira S.A.,33868068000146,626448869,santos.s.a.555@example.com,5561919524364,True,2020-01-18 14:25:59,2023-11-29 22:23:59
556,PF,Enzo Gabriel Mendonça,nan,76093336468,nan,enzo.gabriel.mendon.a.556@example.com,5511968646225,True,2026-08-03 18:55:05,2026-09-06 20:05:14
557,PF,Davi Luiz Costa,nan,94791845161,nan,davi.luiz.costa.557@example.com,55028917932302,True,2024-12-29 11:01:05,2026-10-03 15:38:17
558,PF,José Pedro Jesus,nan,62896171509,nan,jos.pedro.jesus.558@example.com,55091921416141,True,2021-11-20 09:08:52,2025-10-01 14:42:20
559,PF,Sr. Isaac Mendes,nan,8063058275,nan,sr.isaac.mendes.559@example.com,55010904090138,True,2023-11-27 05:00:53,2024-09-17 19:11:48
560,PJ,Garcia - EI Ltda,Mendonça,62995300000105,759655553,garcia.ei.ltda.560@example.com,5566990551076,True,2024-08-29 06:19:24,2026-08-23 06:00:19
561,PF,Srta. Amanda Pereira,nan,97332806908,nan,srta.amanda.pereira.561@example.com,5584935797863,True,2023-08-17 18:53:56,2025-08-05 03:43:38
562,PF,Lorenzo Almeida,nan,11626234973,nan,lorenzo.almeida.562@example.com,5505973976915,True,2025-08-23 19:28:30,2025-08-26 18:42:52
563,PF,Olívia Ribeiro,nan,65872903022,nan,ol.via.ribeiro.563@example.com,5564993289802,True,2022-01-16 22:34:56,2024-06-04 12:46:48
564,PJ,Vieira S.A.,da Rosa e Filhos,17402780000107,872717833,vieira.s.a.564@example.com,5521916025643,False,2023-07-30 08:46:59,2025-03-30 08:43:05
565,PF,Sra. Olívia Rios,nan,99623378521,nan,sra.ol.via.rios.565@example.com,5528971539915,True,2022-03-12 14:10:25,2025-09-09 12:04:38
566,PJ,Silva Ltda,Rezende,70128397000187,863341411,silva.ltda.566@example.com,5559931952569,True,2024-03-13 10:34:03,2026-05-21 05:14:31
567,PF,Srta. Luana Araújo,nan,65686735522,nan,srta.luana.ara.jo.567@example.com,5583966552899,True,2020-08-04 07:31:09,2023-09-15 01:58:45
568,PJ,Caldeira Gonçalves S/A ME,Dias,22219077000190,243772942,caldeira.gon.alves.s.a.me.568@example.com,5595948149737,True,2021-11-09 17:14:23,2025-10-22 14:23:20
569,PF,Marcos Vinicius Araújo,nan,60554306654,nan,marcos.vinicius.ara.jo.569@example.com,5523930276420,True,2021-10-22 23:38:39,2025-01-13 08:37:49
570,PJ,Fernandes EIRELI,Rocha,21631297000163,756618443,fernandes.eireli.570@example.com,5561925904729,False,2020-05-20 20:38:52,2023-01-31 12:51:34
571,PF,Pedro Miguel Sampaio,nan,1982335319,nan,pedro.miguel.sampaio.571@example.com,55042933305912,True,2025-06-08 06:24:55,2026-07-04 20:31:54
572,PJ,Lima S.A.,Araújo Brito Ltda.,31701220000176,720185962,lima.s.a.572@example.com,5530913674926,True,2025-12-19 09:14:06,2026-07-02 10:38:42
573,PJ,Vasconcelos - ME,da Mota,11902549000198,750111178,vasconcelos.me.573@example.com,5509999741926,True,2020-06-06 22:50:33,2025-06-15 21:23:03
574,PF,Maya da Rosa,nan,86984552710,nan,maya.da.rosa.574@example.com,5521951826068,True,2023-07-25 08:28:30,2024-07-09 16:10:55
575,PJ,Azevedo ME,nan,27200806000180,898131292,azevedo.me.575@example.com,5587951029321,True,2022-10-14 18:40:21,2024-02-27 22:19:37
576,PF,Jade Sá,nan,56184469878,nan,jade.s.576@example.com,5511984582603,True,2026-06-05 00:25:51,2026-09-21 01:02:06
577,PF,Augusto Moreira,nan,49428259705,nan,augusto.moreira.577@example.com,5587929758598,True,2025-05-31 02:57:53,2026-11-05 05:31:08
578,PJ,Sales Brito e Filhos EIRELI,nan,4536174000124,030324329,sales.brito.e.filhos.eireli.578@example.com,5539954296184,True,2026-03-08 19:53:54,2026-12-09 01:44:35
579,PF,Mateus Rezende,nan,94777001938,nan,mateus.rezende.579@example.com,55067914628314,True,2026-08-18 12:43:57,2026-11-10 19:22:08
580,PF,Evelyn Silva,nan,57853794576,nan,evelyn.silva.580@example.com,5598992625660,True,2022-08-08 10:28:23,2023-07-06 13:52:37
581,PF,Isadora Barbosa,nan,23036444610,nan,isadora.barbosa.581@example.com,5518918615155,True,2020-05-09 09:31:47,2023-07-14 18:29:58
582,PF,Diogo Câmara,nan,98979165803,nan,diogo.c.mara.582@example.com,5501963611284,True,2022-07-23 21:53:22,2024-09-12 23:25:26
583,PF,Rebeca Brito,nan,98953216435,nan,rebeca.brito.583@example.com,5559948491025,True,2023-07-26 17:21:13,2026-09-11 04:30:45
584,PF,Emilly Ferreira,nan,56390520077,nan,emilly.ferreira.584@example.com,5589967924082,True,2020-09-06 16:07:21,2021-05-22 04:19:18
585,PF,Carolina Casa Grande,nan,29646173500,nan,carolina.casa.grande.585@example.com,5594905396727,True,2026-06-17 08:44:05,2026-09-09 22:51:03
586,PJ,Martins Ltda,da Mota,21283893000108,683414651,martins.ltda.586@example.com,5513912901487,True,2020-06-22 00:43:25,2020-09-22 05:36:49
587,PF,Otávio Rocha,nan,66151468945,nan,ot.vio.rocha.587@example.com,5527978816093,True,2025-07-12 01:53:26,2025-12-03 12:47:30
588,PJ,Silva - ME,da Cruz,23283785000152,890972832,silva.me.588@example.com,5552985067625,True,2026-12-19 10:56:43,2026-12-23 13:18:22
589,PF,Lucca Rocha,nan,49639108960,nan,lucca.rocha.589@example.com,5581944744309,True,2020-01-30 19:33:57,2021-07-14 10:26:56
590,PF,Helena das Neves,nan,97041562271,nan,helena.das.neves.590@example.com,5507997050975,True,2021-05-01 01:39:25,2025-08-24 00:07:39
591,PF,Luiz Gustavo Caldeira,nan,34653525560,nan,luiz.gustavo.caldeira.591@example.com,5552965016731,True,2020-09-12 13:27:11,2025-09-13 07:37:00
592,PJ,Jesus Campos - ME,Cassiano e Filhos,83084902000180,437654562,jesus.campos.me.592@example.com,5541977225605,True,2025-12-16 14:46:54,2025-12-22 07:02:11
593,PJ,Camargo Correia Ltda.,nan,9415293000142,026650237,camargo.correia.ltda.593@example.com,5516978725686,True,2023-01-31 22:22:57,2024-06-28 05:59:59
594,PJ,Camargo Caldeira S/A Ltda,Cassiano Ferreira - EI,11445026000160,030569067,camargo.caldeira.s.a.ltda.594@example.com,5547916392823,True,2025-07-17 02:10:23,2026-11-02 01:12:30
595,PF,Danilo da Luz,nan,82853444520,nan,danilo.da.luz.595@example.com,5563971892392,True,2020-08-09 20:06:45,2025-10-15 04:17:14
596,PF,Dante Cardoso,nan,81560650931,nan,dante.cardoso.596@example.com,5504932609310,True,2023-11-03 17:22:58,2024-07-01 13:34:40
597,PF,Maria Luísa Moura,nan,69225863799,nan,maria.lu.sa.moura.597@example.com,5533956708604,True,2022-09-23 06:29:58,2026-03-28 05:48:47
598,PJ,da Mata Ltda.,Ferreira,47364834000140,635020005,da.mata.ltda.598@example.com,5547949162475,True,2026-10-20 08:47:22,2026-12-07 23:57:47
599,PF,Dr. Daniel Brito,nan,31632544113,nan,dr.daniel.brito.599@example.com,5582955598953,True,2023-05-06 22:45:28,2025-10-22 14:35:49
600,PJ,Costela EIRELI,Borges,45634799000106,129109337,costela.eireli.600@example.com,5518995473820,True,2021-02-01 05:41:27,2025-06-04 10:48:17
601,PF,Gael Leão,nan,61593329881,nan,gael.le.o.601@example.com,0000000000,True,2026-12-16 01:48:50,2026-12-21 15:50:12
602,PJ,Cavalcante - EI Ltda,Sampaio,10922115000197,240903678,cavalcante.ei.ltda.602@example.com,5512978686694,True,2026-03-04 14:23:05,2026-09-01 22:08:07
603,PJ,Cirino Abreu S.A.,Pastor Sampaio S/A,14118624000112,878844344,cirino.abreu.s.a.603@example.com,5512930834024,True,2021-10-01 15:40:46,2022-04-19 19:50:44
604,PF,João Gabriel Vieira,nan,13213697940,nan,jo.o.gabriel.vieira.604@example.com,5533981059551,True,2023-03-29 09:02:52,2026-12-20 08:12:42
605,PF,Dra. Julia Silveira,nan,98593902405,nan,dra.julia.silveira.605@example.com,55069945005342,True,2022-04-30 12:31:37,2023-06-15 14:17:08
606,PJ,Almeida Ltda,Silveira e Filhos,8479418000135,649837354,almeida.ltda.606@example.com,5596927365271,True,2023-05-01 07:28:38,2023-12-31 22:13:08
607,PJ,Cirino EIRELI,nan,60046927000194,722397240,cirino.eireli.607@example.com,5522969312163,True,2020-02-07 08:12:06,2025-06-29 15:59:15
608,PF,Maria Luiza Brito,nan,26977458828,nan,maria.luiza.brito.608@example.com,5520991660100,True,2025-07-21 10:47:07,2026-07-04 17:58:55
609,PF,Josué Vargas,nan,81448567246,nan,josu.vargas.609@example.com,5542990018513,True,2024-10-15 00:45:02,2025-02-17 14:40:21
610,PJ,Mendes Teixeira - EI S.A.,nan,53941658000164,724572308,mendes.teixeira.ei.s.a.610@example.com,5581900184186,True,2021-07-09 21:37:38,2025-05-13 04:27:30
611,PF,Alexandre Câmara,nan,78334818823,nan,alexandre.c.mara.611@example.com,5536962543617,True,2021-02-12 20:13:53,2023-06-27 03:36:16
612,PF,Daniel Câmara,nan,77658965804,nan,daniel.c.mara.612@example.com,5545919515109,True,2023-06-03 19:33:29,2026-02-22 19:36:28
613,PJ,Cavalcanti Lima - EI EIRELI,Peixoto,16346737000109,262494514,cavalcanti.lima.ei.eireli.613@example.com,55054910225267,True,2023-12-17 01:43:36,2024-05-08 15:14:12
614,PF,Sra. Ana Lívia Camargo,nan,3175873901,nan,sra.ana.l.via.camargo.614@example.com,5564921522655,True,2021-02-04 17:07:27,2023-07-24 22:54:28
615,PF,Mariana Mendes,nan,13381443321,nan,mariana.mendes.615@example.com,5595923668788,True,2026-01-14 06:13:45,2026-02-16 06:11:29
616,PF,Yasmin Nascimento,nan,16455362624,nan,yasmin.nascimento.616@example.com,5561996893135,True,2020-07-29 20:01:01,2023-04-03 21:22:12
617,PJ,Costela S/A Ltda,nan,77653062000127,587210552,costela.s.a.ltda.617@example.com,5572986333021,True,2022-10-14 16:11:45,2025-03-06 19:29:57
618,PJ,Garcia Siqueira S/A ME,nan,1381113000147,650191792,garcia.siqueira.s.a.me.618@example.com,5525921310962,True,2026-02-18 06:24:44,2026-08-19 09:58:12
619,PF,Ravy Souza,nan,69372100196,nan,ravy.souza.619@example.com,55084976570412,True,2025-07-11 23:45:20,2026-06-15 01:23:57
620,PF,Arthur Gabriel Pereira,nan,27469449957,nan,arthur.gabriel.pereira.620@example.com,55082906678498,True,2023-05-27 18:50:38,2026-03-30 18:59:32
621,PF,Ian Lima,nan,43539241760,nan,ian.lima.621@example.com,55041986236903,True,2024-03-19 00:24:12,2026-03-27 15:51:31
622,PJ,Cirino EIRELI,Sales - ME,58988506000130,756620563,cirino.eireli.622@example.com,5511915950342,True,2021-02-26 13:37:54,2023-08-28 06:55:23
623,PF,Bianca Azevedo,nan,23610716142,nan,bianca.azevedo.623@example.com,5590943830341,True,2021-09-17 13:24:27,2025-06-07 21:27:13
624,PJ,Nunes - ME,Aragão Ltda.,20533693000195,140546835,nunes.me.624@example.com,5552915681820,True,2025-07-09 03:18:42,2025-12-11 11:38:47
625,PJ,Mendes S.A.,da Rocha S.A.,94370908000130,271133228,mendes.s.a.625@example.com,5598957254596,True,2020-09-18 23:47:58,2021-11-10 05:43:24
626,PJ,Silva e Filhos Ltda,da Costa,33635114000167,399129710,silva.e.filhos.ltda.626@example.com,55048917175242,True,2022-03-22 10:45:44,2026-11-21 04:14:41
627,PF,João Lucas Oliveira,nan,51144182700,nan,jo.o.lucas.oliveira.627@example.com,5551912747472,True,2024-03-27 15:41:04,2024-04-04 04:41:15
628,PJ,Nunes - ME,Fonseca Ltda.,11780467000118,669275895,nunes.me.628@example.com,5516987409038,True,2021-10-29 02:44:34,2024-03-13 23:26:34
629,PF,Eduardo Caldeira,nan,10848428153,nan,eduardo.caldeira.629@example.com,5562996136715,True,2026-12-17 08:16:31,2026-12-25 14:13:37
630,PJ,Martins S.A.,Caldeira,43688863000106,121663651,martins.s.a.630@example.com,5559973714708,True,2025-01-28 11:18:28,2026-06-21 17:27:48
631,PF,Ravy Casa Grande,nan,9961286707,nan,ravy.casa.grande.631@example.com,5559909605673,True,2026-03-08 20:51:35,2026-08-31 18:31:08
632,PF,Heitor Almeida,nan,20830605479,nan,heitor.almeida.632@example.com,5544921214614,True,2022-10-29 08:48:08,2024-01-24 17:24:06
633,PF,Sra. Mariah Moura,nan,24063515303,nan,sra.mariah.moura.633@example.com,5542901654235,True,2024-07-25 21:34:40,2026-06-17 16:53:25
634,PJ,Mendes EIRELI,Nascimento,82801556000141,265960893,mendes.eireli.634@example.com,5599925502727,True,2025-12-28 04:46:08,2026-07-01 16:53:06
635,PF,Sr. Nicolas da Luz,nan,63286207993,nan,sr.nicolas.da.luz.635@example.com,5507927910336,True,2024-10-25 23:17:01,2025-06-03 05:50:01
636,PJ,Peixoto Garcia S.A.,Costela,22046909000113,390550448,peixoto.garcia.s.a.636@example.com,5577966558685,True,2025-04-04 19:23:49,2026-07-19 16:29:14
637,PF,Felipe Marques,nan,45300499226,nan,felipe.marques.637@example.com,5552989286646,True,2022-11-20 07:12:44,2024-03-19 10:03:07
638,PF,Larissa Sampaio,nan,94794678363,nan,larissa.sampaio.638@example.com,5511911096179,True,2021-05-17 15:16:14,2025-01-12 22:11:12
639,PF,Beatriz Porto,nan,19090545697,nan,beatriz.porto.639@example.com,55089904633786,True,2025-10-19 14:26:49,2026-07-16 18:06:21
640,PF,Gael Henrique Melo,nan,58610743306,nan,gael.henrique.melo.640@example.com,5557966053844,True,2025-04-26 18:07:23,2025-08-20 12:32:00
641,PJ,das Neves S.A.,nan,72815253000124,630600025,das.neves.s.a.641@example.com,5595952963863,True,2020-10-19 09:49:25,2025-10-26 02:32:36
642,PF,Maria Júlia Aragão,nan,61387405136,nan,maria.j.lia.arag.o.642@example.com,5562962658263,True,2025-11-01 16:48:05,2026-05-27 12:23:39
643,PF,Davi Lucas Montenegro,nan,7473616145,nan,davi.lucas.montenegro.643@example.com,5596948253110,True,2024-11-05 17:46:05,2026-02-19 13:20:44
644,PJ,Albuquerque Ltda,nan,79949523000139,920981960,albuquerque.ltda.644@example.com,55075923343836,True,2025-07-10 13:13:31,2025-11-14 03:56:40
645,PF,Benjamim da Mota,nan,27786996869,nan,benjamim.da.mota.645@example.com,5520991179112,True,2020-08-16 16:24:45,2021-09-25 01:35:26
646,PJ,da Luz EIRELI,nan,95101646000171,211753617,da.luz.eireli.646@example.com,5561971366572,True,2020-11-15 23:32:14,2024-05-27 06:39:59
647,PF,Kaique Albuquerque,nan,56279506177,nan,kaique.albuquerque.647@example.com,55099901557998,True,2024-07-02 03:39:51,2026-02-06 17:05:42
648,PF,Emanuel Moreira,nan,33914002425,nan,emanuel.moreira.648@example.com,5513990808823,True,2021-01-08 14:15:41,2024-01-19 10:53:19
649,PJ,Camargo Ltda,nan,55334269000104,305231244,camargo.ltda.649@example.com,55031958477686,True,2023-05-01 15:18:51,2026-02-25 01:02:41
650,PJ,da Cunha Cavalcanti S.A.,Gonçalves,67016162000199,199423767,da.cunha.cavalcanti.s.a.650@example.com,5594959196639,True,2026-10-16 12:42:38,2026-11-16 22:25:51
651,PF,Dr. Benício Machado,nan,43274083445,nan,dr.ben.cio.machado.651@example.com,55008949649856,True,2026-09-02 17:10:25,2026-12-18 00:29:15
652,PF,Danilo Cirino,nan,77578601300,nan,danilo.cirino.652@example.com,5562953135525,True,2024-08-30 09:11:31,2025-05-03 14:39:43
653,PF,Anthony Dias,nan,90697512592,nan,anthony.dias.653@example.com,5553979538164,True,2025-07-05 12:13:37,2026-02-23 16:48:21
654,PF,Hadassa Moura,nan,57202204029,nan,hadassa.moura.654@example.com,5518949196655,True,2025-06-17 01:06:40,2026-02-16 03:50:30
655,PF,Gael Henrique Aragão,nan,88640875405,nan,gael.henrique.arag.o.655@example.com,55070946117295,True,2022-08-23 02:07:07,2026-05-14 21:26:08
656,PF,Maria Isis da Costa,nan,98294510890,nan,maria.isis.da.costa.656@example.com,5504909074260,True,2026-09-29 22:05:05,2026-10-13 04:59:04
657,PJ,Fernandes e Filhos EIRELI,Azevedo - ME,16371250000178,164455618,fernandes.e.filhos.eireli.657@example.com,5579906477159,False,2022-10-30 22:45:24,2026-10-07 12:20:25
658,PF,Arthur Câmara,nan,43225606103,nan,arthur.c.mara.658@example.com,5502915632135,True,2026-09-30 15:44:29,2026-12-21 02:36:41
659,PF,Alana Sales,nan,21536156078,nan,alana.sales.659@example.com,5540910414596,True,2024-08-09 10:47:50,2025-10-04 09:30:24
660,PF,Enzo Gabriel Carvalho,nan,38705524920,nan,enzo.gabriel.carvalho.660@example.com,5571925296718,True,2023-01-31 06:10:36,2025-05-30 18:52:33
661,PF,Isabella Oliveira,nan,50492907595,nan,isabella.oliveira.661@example.com,55074957314415,True,2022-03-17 09:47:10,2024-05-22 16:40:13
662,PF,Isabelly Ribeiro,nan,30396147461,nan,isabelly.ribeiro.662@example.com,5511970303763,True,2023-04-06 12:44:10,2025-06-03 17:10:52
663,PJ,Caldeira S.A.,nan,42200985000149,539885472,caldeira.s.a.663@example.com,5512935679836,True,2021-03-04 10:59:23,2024-05-22 22:27:28
664,PJ,Azevedo da Mota - ME,nan,18006331000102,249127113,azevedo.da.mota.me.664@example.com,5572940787541,True,2020-10-19 15:35:26,2022-12-29 22:56:33
665,PF,Antonella Fogaça,nan,39241408200,nan,antonella.foga.a.665@example.com,5532968685074,True,2025-03-28 00:42:57,2026-07-29 13:26:12
666,PJ,Brito EIRELI,Rezende - ME,31575777000108,634362948,brito.eireli.666@example.com,5578961031310,True,2025-07-29 04:58:51,2025-11-10 09:00:16
667,PF,João Felipe da Costa,nan,20358723914,nan,jo.o.felipe.da.costa.667@example.com,5581943966613,True,2025-09-11 22:56:22,2026-04-28 23:40:59
668,PF,Dra. Juliana Monteiro,nan,1865018627,nan,dra.juliana.monteiro.668@example.com,5523954940128,True,2025-04-25 16:25:23,2026-10-29 17:31:45
669,PF,Dra. Pietra Sousa,nan,9502825373,nan,dra.pietra.sousa.669@example.com,5532951225720,True,2023-06-20 05:58:01,2024-01-08 16:16:07
670,PJ,Lima EIRELI,Almeida,37520151000180,241209579,lima.eireli.670@example.com,5573971009438,True,2024-08-05 01:33:52,2024-08-09 02:46:52
671,PJ,Sá Casa Grande S/A ME,da Rosa e Filhos,91530346000157,577584745,s.casa.grande.s.a.me.671@example.com,55005945897148,True,2021-10-05 11:48:29,2026-11-17 15:36:00
672,PF,Dra. Alícia Casa Grande,nan,72100886444,nan,dra.al.cia.casa.grande.672@example.com,5532957039653,True,2022-07-28 22:21:58,2023-08-24 23:04:58
673,PF,Srta. Evelyn Garcia,nan,30795418124,nan,srta.evelyn.garcia.673@example.com,5548978245569,True,2020-08-25 03:37:59,2024-05-22 14:49:32
674,PF,Kamilly das Neves,nan,31155733673,nan,kamilly.das.neves.674@example.com,5509985916795,True,2021-03-27 17:33:26,2025-05-21 08:13:24
675,PF,Daniel Albuquerque,nan,74750419303,nan,daniel.albuquerque.675@example.com,55027928498247,True,2022-05-27 04:35:46,2025-11-21 16:45:04
676,PF,Benício da Rocha,nan,85850403787,nan,ben.cio.da.rocha.676@example.com,5570934910740,True,2025-08-09 00:45:40,2026-11-28 20:37:31
677,PF,Maria Ribeiro,nan,90263867617,nan,maria.ribeiro.677@example.com,5504925488214,True,2026-03-30 07:18:13,2026-06-17 05:31:17
678,PF,Gael Henrique Lopes,nan,96882136165,nan,gael.henrique.lopes.678@example.com,5514930753666,True,2023-07-29 07:47:09,2024-02-11 17:06:36
679,PF,José Pedro da Rosa,nan,85600980973,nan,jos.pedro.da.rosa.679@example.com,5542996592342,True,2026-10-09 20:43:52,2026-10-13 11:05:10
680,PF,Gabriela da Rosa,nan,59630622769,nan,gabriela.da.rosa.680@example.com,5514997826612,True,2025-05-21 08:43:42,2026-06-10 11:53:10
681,PF,Melina Sales,nan,9728253397,nan,melina.sales.681@example.com,5585975676670,False,2025-10-31 08:13:30,2026-10-13 14:31:29
682,PF,Amanda Vargas,nan,18898355955,nan,amanda.vargas.682@example.com,5512994398529,True,2021-02-25 15:58:54,2021-04-17 19:53:36
683,PF,Laís Aragão,nan,91901804372,nan,la.s.arag.o.683@example.com,5526907870104,True,2022-01-30 17:36:08,2024-05-14 23:48:54
684,PF,Bianca Farias,nan,40049957368,nan,bianca.farias.684@example.com,5514997501980,True,2023-01-04 13:00:03,2026-03-20 03:07:48
685,PF,Srta. Stella Casa Grande,nan,63507034727,nan,srta.stella.casa.grande.685@example.com,5572932440793,True,2024-11-16 21:54:24,2025-05-20 17:49:47
686,PJ,Azevedo S/A ME,Pereira Campos - EI,95550976000144,133170876,azevedo.s.a.me.686@example.com,5514967238497,True,2022-09-28 20:26:56,2024-05-06 11:18:37
687,PF,Camila Lopes,nan,80253403251,nan,camila.lopes.687@example.com,55002923288377,True,2023-06-26 16:30:22,2024-09-01 18:23:07
688,PJ,da Rocha Ltda,Pastor - ME,60325619000106,546617662,da.rocha.ltda.688@example.com,5547919609409,True,2024-09-03 22:01:51,2025-12-24 00:02:13
689,PF,Ana Cecília Fogaça,nan,63174117941,nan,ana.cec.lia.foga.a.689@example.com,55077940258835,True,2021-08-13 09:26:41,2024-08-23 02:11:11
690,PJ,Moraes ME,Cavalcanti e Filhos,10017060000170,259572446,nan,5576979298842,True,2021-07-10 10:30:49,2023-11-04 21:42:38
691,PJ,Pastor EIRELI,Pacheco,9922961000128,961002311,pastor.eireli.691@example.com,55075933126610,True,2023-03-29 12:55:03,2024-11-29 05:21:13
692,PF,Isis Camargo,nan,38037427498,nan,isis.camargo.692@example.com,5517959025176,True,2023-04-13 08:11:13,2024-07-30 17:56:57
693,PJ,Porto Oliveira - EI Ltda,nan,67060908000161,334774332,porto.oliveira.ei.ltda.693@example.com,5583919013020,True,2026-08-13 06:24:14,2026-10-10 22:58:58
694,PF,Dr. Yago Barbosa,nan,77385720358,nan,dr.yago.barbosa.694@example.com,5528973397855,True,2020-06-02 00:30:25,2025-08-30 16:50:59
695,PJ,Azevedo Macedo - ME,nan,18016664000104,619128411,azevedo.macedo.me.695@example.com,55030998503446,True,2024-01-03 16:32:01,2026-11-26 21:18:27
696,PF,Sra. Ana Lívia Castro,nan,8266165858,nan,sra.ana.l.via.castro.696@example.com,5518993898469,True,2025-02-01 06:00:03,2025-11-15 18:05:36
697,PF,Yago Sampaio,nan,83795893860,isento,yago.sampaio.697@example.com,5597940056435,True,2022-03-26 03:47:44,2026-03-11 13:55:18
698,PF,Davi Miguel Costela,nan,11751276988,nan,davi.miguel.costela.698@example.com,5550937199051,True,2026-03-13 23:11:50,2026-04-30 20:38:58
699,PJ,Peixoto Ltda,Novaes - ME,22818512000100,240107835,peixoto.ltda.699@example.com,5574930003896,True,2022-04-18 14:27:49,2022-12-03 07:54:29
700,PF,Allana Novaes,nan,7820087552,nan,allana.novaes.700@example.com,55006962668217,True,2020-09-04 19:05:26,2024-03-20 23:49:58
701,PJ,Pimenta Ltda.,nan,15958676000160,535603319,pimenta.ltda.701@example.com,5536989003010,True,2026-06-05 15:21:33,2026-07-09 10:29:09
702,PF,Pedro Lucas Cirino,nan,52709356600,nan,pedro.lucas.cirino.702@example.com,5505959342967,True,2025-02-19 07:38:41,2026-07-18 15:51:54
703,PF,Camila Ribeiro,nan,15555026102,nan,camila.ribeiro.703@example.com,5514983753745,True,2022-10-27 07:02:29,2026-12-12 16:36:19
704,PF,Lavínia Rezende,nan,87966153541,nan,lav.nia.rezende.704@example.com,5584958810569,True,2026-06-05 17:24:53,2026-11-29 17:23:14
705,PF,LARA BARROS,nan,91851712208,nan,lara.barros.705@example.com,5528934831520,True,2025-12-12 22:22:38,2026-08-06 16:10:26
706,PF,Pedro Lucas Rezende,nan,23342737085,nan,pedro.lucas.rezende.706@example.com,55010970449641,True,2025-01-07 19:23:37,2025-08-29 07:29:25
707,PJ,da Mota - EI EIRELI,Monteiro,30235911000169,066703362,da.mota.ei.eireli.707@example.com,5580940850954,True,2026-04-29 03:14:25,2026-12-04 19:11:17
708,PJ,Sá Alves Ltda.,Lima,86701082000117,018648769,s.alves.ltda.708@example.com,5584926732044,True,2024-02-28 08:10:39,2026-08-25 02:59:53
709,PJ,da Cruz - EI S.A.,Fernandes,80415060000104,960945449,da.cruz.ei.s.a.709@example.com,5514995427707,True,2024-07-02 04:34:07,2025-09-18 17:18:34
710,PF,Ravi Lucca Andrade,nan,37435396753,nan,ravi.lucca.andrade.710@example.com,5578936091498,True,2025-09-13 17:40:30,2026-11-03 16:40:09
711,PF,Sr. Pedro Lucas Cirino,nan,50659127938,nan,sr.pedro.lucas.cirino.711@example.com,5544972322903,True,2024-01-27 15:29:44,2024-03-22 21:33:28
712,PJ,Rezende S/A S.A.,Rodrigues Montenegro - ME,60965472000100,950830440,rezende.s.a.s.a.712@example.com,5580993511871,True,2020-05-16 13:48:27,2026-05-03 22:12:07
713,PJ,da Costa S.A.,Oliveira,14280985000160,561642059,da.costa.s.a.713@example.com,5556957490250,True,2025-12-28 23:39:29,2026-09-04 14:47:19
714,PF,Dom Pastor,nan,75069309358,nan,dom.pastor.714@example.com,5519935889536,True,2025-09-23 07:27:59,2025-12-20 13:03:14
715,PJ,Ribeiro e Filhos EIRELI,nan,97588459000190,261139898,ribeiro.e.filhos.eireli.715@example.com,5581980978875,True,2021-09-02 09:56:06,2026-12-02 23:22:06
716,PF,Gael Oliveira,nan,55657350685,nan,gael.oliveira.716@example.com,5535935375137,True,2023-03-12 10:42:24,2025-12-01 01:39:01
717,PF,Sra. Maria Cecília Barros,nan,51265530890,nan,sra.maria.cec.lia.barros.717@example.com,5588915793763,False,2026-04-25 12:37:58,2026-11-11 02:29:15
718,PF,Carolina Nascimento,nan,43774367400,nan,carolina.nascimento.718@example.com,5569929445511,True,2021-11-03 05:49:43,2024-05-20 18:52:09
719,PJ,Leão Ltda,nan,3552135000158,829732702,le.o.ltda.719@example.com,5564987120602,True,2024-02-03 18:11:55,2026-11-06 18:06:01
720,PF,Davi Lucca Moraes,nan,21880626985,nan,davi.lucca.moraes.720@example.com,5566952683415,True,2023-11-05 13:00:50,2025-04-04 04:22:30
721,PF,Sr. Augusto Barbosa,nan,23729641867,nan,sr.augusto.barbosa.721@example.com,5576976472298,True,2021-12-24 15:36:07,2024-11-25 14:09:16
722,PJ,Cassiano S/A Ltda,Rocha,34207826000148,765728941,cassiano.s.a.ltda.722@example.com,5547950988986,True,2026-08-15 22:00:52,2026-09-07 09:22:23
723,PF,Lorenzo Gomes,nan,93397190509,nan,lorenzo.gomes.723@example.com,5522903684995,True,2021-11-01 10:26:37,2024-10-10 19:43:36
724,PF,Luiz Felipe da Paz,nan,80137418264,nan,luiz.felipe.da.paz.724@example.com,55014947732449,True,2023-12-07 04:16:01,2025-08-22 12:45:34
725,PF,Igor Rios,nan,89556041222,nan,igor.rios.725@example.com,5521938820908,True,2024-09-26 14:58:27,2026-12-13 23:56:17
726,PF,Evelyn Abreu,nan,2137518368,nan,evelyn.abreu.726@example.com,55005934967827,True,2023-02-28 18:08:44,2023-03-09 09:57:42
727,PJ,Camargo EIRELI,nan,29632693000117,176741241,camargo.eireli.727@example.com,5513915285478,True,2024-10-29 05:58:34,2026-08-13 22:27:44
728,PJ,Santos e Filhos EIRELI,nan,48167996000150,nan,santos.e.filhos.eireli.728@example.com,5532996334727,True,2020-07-20 05:50:26,2025-10-08 04:48:18
729,PF,Theo da Paz,nan,49861745173,nan,theo.da.paz.729@example.com,55031983061789,True,2020-11-03 14:00:56,2022-07-25 00:23:26
730,PJ,Santos Cavalcanti S/A Ltda,Sales,69358400000170,496935782,santos.cavalcanti.s.a.ltda.730@example.com,5534977695874,True,2022-10-10 18:53:12,2026-08-09 20:02:05
731,PF,Henry Camargo,nan,83165827672,nan,henry.camargo.731@example.com,5567953612751,True,2026-07-03 06:15:28,2026-07-30 11:24:40
732,PF,Dr. Davi Lucas Vasconcelos,nan,27785182825,nan,dr.davi.lucas.vasconcelos.732@example.com,55079963044836,True,2020-10-16 18:18:27,2024-12-27 19:00:59
733,PF,Lorenzo da Luz,nan,72433826063,nan,lorenzo.da.luz.733@example.com,5566976640473,True,2022-08-25 12:10:17,2022-11-17 07:17:16
734,PF,Sr. Leandro Machado,nan,32780614544,nan,sr.leandro.machado.734@example.com,5539928319952,True,2020-11-15 13:01:52,2026-01-18 05:46:58
735,PJ,Silveira S/A ME,Borges,55199826000113,558108358,silveira.s.a.me.735@example.com,5528963425563,True,2025-11-11 23:11:23,2026-05-30 04:30:02
736,PF,Isadora Albuquerque,nan,61980966966,nan,isadora.albuquerque.736@example.com,0000000000,True,2025-05-12 07:37:19,2026-06-19 22:20:29
737,PJ,da Conceição e Filhos S.A.,Andrade da Mata e Filhos,83300151000192,166241118,da.concei.o.e.filhos.s.a.737@example.com,5500989219639,True,2020-07-03 03:15:01,2025-05-28 07:56:29
738,PF,Lorenzo Lima,nan,87149721907,nan,lorenzo.lima.738@example.com,5504947314976,True,2026-10-20 01:08:21,2026-12-04 10:10:43
739,PJ,Lima S.A.,Câmara - ME,77371690000110,847488360,lima.s.a.739@example.com,55065981739063,False,2023-04-11 19:02:44,2024-06-03 14:56:27
740,PJ,Freitas Ltda,Nunes,9872095000108,145211823,freitas.ltda.740@example.com,55093912697893,True,2026-09-14 16:36:15,2026-11-05 19:21:16
741,PJ,Sem Nome,Jesus,22991226000134,452059960,vargas.me.741@example.com,5538978753577,True,2025-08-15 16:16:43,2026-02-27 23:18:05
742,PJ,Caldeira - ME,Garcia S.A.,47940083000162,028123710,caldeira.me.742@example.com,5572987286604,True,2026-12-23 16:51:13,2026-12-23 18:57:15
743,PF,Pedro Henrique da Rocha,nan,95926407931,nan,pedro.henrique.da.rocha.743@example.com,5585995922483,False,2021-10-03 19:51:12,2022-06-07 20:44:15
744,PF,Maria Fernanda Moreira,nan,76781520199,nan,maria.fernanda.moreira.744@example.com,5547973522870,True,2023-01-12 20:51:52,2026-02-06 02:06:41
745,PF,Dr. Felipe Cassiano,nan,68876233156,nan,dr.felipe.cassiano.745@example.com,55010943318751,True,2020-06-18 21:17:10,2025-09-27 11:13:27
746,PJ,Pinto - ME,Azevedo Ferreira e Filhos,71292891000145,835034469,pinto.me.746@example.com,5559964883192,True,2026-02-27 20:50:45,2026-09-04 04:27:45
747,PJ,Siqueira S.A.,nan,52340303000157,424912896,siqueira.s.a.747@example.com,5599994973203,True,2023-10-05 00:20:11,2025-03-31 22:27:07
748,PJ,Borges Pimenta S.A.,Cavalcante Melo S/A,58717683000182,510287675,borges.pimenta.s.a.748@example.com,0000000000,True,2024-07-19 01:41:04,2026-07-30 01:13:17
749,PF,Luiza Moura,nan,19392040032,nan,luiza.moura.749@example.com,5593924268774,True,2023-03-20 09:26:33,2026-10-29 06:25:07
750,PF,Bárbara Novais,nan,72035394821,nan,b.rbara.novais.750@example.com,5552905756398,True,2022-05-29 04:43:36,2026-04-22 09:33:14
751,PJ,Garcia Freitas S.A.,nan,40726414000117,037583094,garcia.freitas.s.a.751@example.com,5515948094047,True,2026-05-19 12:05:01,2026-12-22 13:46:14
752,PF,Ana Clara Sampaio,nan,99680503186,nan,ana.clara.sampaio.752@example.com,5540990797727,True,2021-06-18 11:16:41,2023-02-01 11:35:44
753,PF,Dra. Ísis Caldeira,nan,14263568540,nan,dra.sis.caldeira.753@example.com,5550992221610,True,2025-09-10 17:28:46,2026-12-08 15:54:41
754,PF,Ana Liz Dias,nan,94237586812,nan,ana.liz.dias.754@example.com,5584939055295,True,2026-08-15 13:40:03,2026-11-22 16:38:20
755,PJ,Rios - ME,Rios,35876931000132,013824127,rios.me.755@example.com,5549938620448,True,2022-08-23 18:11:12,2023-10-30 17:34:04
756,PF,Sr. Luigi Martins,nan,35808843014,nan,sr.luigi.martins.756@example.com,5519971112125,True,2020-12-10 13:12:05,2025-02-09 15:00:37
757,PJ,Vargas S.A.,nan,3299534000159,035713432,vargas.s.a.757@example.com,5506942429563,False,2022-02-08 13:35:31,2025-09-26 00:39:32
758,PJ,da Mata Costa S.A.,da Luz,53836442000139,741759558,da.mata.costa.s.a.758@example.com,55020996289365,True,2026-02-28 08:26:37,2026-07-12 13:04:12
759,PJ,Costela ME,nan,95770983000151,588418343,costela.me.759@example.com,55040918272795,False,2022-05-09 11:39:02,2022-11-12 06:31:51
760,PF,Dr. Arthur Gabriel Duarte,nan,82324014351,nan,dr.arthur.gabriel.duarte.760@example.com,5550926755125,True,2025-06-05 23:11:29,2025-06-11 05:27:31
761,PF,Enrico Martins,nan,98686499279,nan,enrico.martins.761@example.com,5520979799667,True,2020-11-04 22:40:58,2025-01-20 19:20:20
762,PF,José Silveira,nan,11797336657,nan,jos.silveira.762@example.com,5595976403816,True,2026-03-30 10:42:18,2026-06-22 05:35:05
763,PJ,Vasconcelos S.A.,Oliveira,47927699000101,690282498,vasconcelos.s.a.763@example.com,5592925014257,True,2024-11-06 13:57:18,2025-10-06 21:11:12
764,PJ,Cavalcante S.A.,Abreu,25260334000125,232441233,cavalcante.s.a.764@example.com,5513928507251,True,2021-06-27 11:06:19,2024-06-09 14:49:28
765,PF,Maria Júlia Sampaio,nan,14108109414,nan,maria.j.lia.sampaio.765@example.com,5576973162526,True,2025-02-18 14:24:50,2026-02-19 01:20:25
766,PJ,da Paz ME,Peixoto,64711527000107,681579039,da.paz.me.766@example.com,55035955809961,True,2020-07-30 06:41:57,2024-03-02 01:03:47
767,PF,Heloísa Carvalho,nan,17032412823,nan,helo.sa.carvalho.767@example.com,55030934615626,False,2023-11-15 06:39:21,2025-06-26 16:31:04
768,PJ,da Paz das Neves - ME,nan,29974211000107,704622681,da.paz.das.neves.me.768@example.com,55015916025298,True,2023-09-10 10:09:54,2025-02-04 04:50:23
769,PF,Mirella Albuquerque,nan,69278927619,nan,mirella.albuquerque.769@example.com,55066904641978,True,2020-11-17 08:19:03,2025-03-22 05:00:48
770,PF,Dr. Lucas Gabriel Nascimento,nan,42016968044,nan,dr.lucas.gabriel.nascimento.770@example.com,5512968612059,True,2021-04-22 13:20:24,2026-10-05 12:13:36
771,PJ,Costa EIRELI,Lopes,12959113000106,074017750,costa.eireli.771@example.com,5554965408424,True,2022-09-06 02:56:28,2022-11-11 02:39:21
772,PJ,Leão EIRELI,nan,75186289000184,075409150,le.o.eireli.772@example.com,5563921812276,True,2021-10-18 16:06:59,2023-02-09 16:43:15
773,PF,Luiz Felipe Marques,nan,35348346748,nan,luiz.felipe.marques.773@example.com,5538997015502,True,2025-09-25 09:42:18,2026-05-09 14:50:37
774,PF,Beatriz Garcia,nan,52440292230,nan,beatriz.garcia.774@example.com,5515946602416,True,2020-11-09 06:42:06,2022-08-29 20:23:45
775,PF,Gael Oliveira,nan,59609956033,nan,gael.oliveira.775@example.com,5549988305973,True,2025-11-14 14:17:55,2025-12-22 17:28:28
776,PJ,da Mota EIRELI,nan,97352716000190,248096244,da.mota.eireli.776example.com,5563906244795,True,2021-06-27 08:49:21,2024-11-17 03:17:33
777,PJ,Câmara S.A.,Santos Ltda.,15869809000121,319497969,c.mara.s.a.777@example.com,5586978055557,True,2025-03-20 02:56:20,2026-08-29 09:03:42
778,PJ,Martins Souza - ME,Nascimento Sampaio S.A.,16257199000178,646091785,martins.souza.me.778@example.com,5538954457702,True,2025-08-22 21:59:33,2026-01-30 06:26:37
779,PJ,Pinto Fogaça - EI Ltda,Leã,71445657000100,048736826,pinto.foga.a.ei.ltda.779@example.com,5511963319422,True,2024-06-15 15:42:43,2025-07-14 03:14:29
780,PJ,Novaes EIRELI,Fogaça,81111155000105,369455158,novaes.eireli.780@example.com,5586936774722,True,2021-11-12 20:10:09,2025-09-14 21:02:10
781,PF,Laura Abreu,nan,41440070490,nan,laura.abreu.781@example.com,5557921696663,True,2023-04-29 12:06:38,2024-04-04 02:40:15
782,PJ,Pinto S.A.,Pimenta Pinto - EI,50320156000128,199605932,pinto.s.a.782@example.com,5571950968832,True,2020-07-01 22:21:58,2021-06-21 01:29:36
783,PJ,Freitas ME,Cavalcanti Melo e Filhos,20225933000194,352410397,freitas.me.783@example.com,55039973278195,True,2021-01-25 20:06:18,2024-08-25 07:25:50
784,PF,Joaquim Martins,nan,139213805,nan,joaquim.martins.784@example.com,5500968761648,True,2020-08-21 14:25:27,2024-12-19 23:47:34
785,PJ,Silva - EI S.A.,Macedo - ME,80201338000140,046056876,silva.ei.s.a.785@example.com,5512949125652,True,2020-02-12 07:59:38,2020-06-29 04:04:45
786,PF,Rodrigo Costela,nan,22482950651,nan,rodrigo.costela.786@example.com,5515917734547,True,2021-10-15 17:42:38,2026-06-26 19:07:07
787,PF,Dr. José Pedro Nunes,nan,72408257956,nan,dr.jos.pedro.nunes.787@example.com,5590922840359,True,2023-12-22 08:37:17,2026-12-13 23:02:22
788,PF,Dr. Leandro Silva,nan,28472908186,nan,dr.leandro.silva.788@example.com,55094977422294,True,2026-06-05 01:29:05,2026-07-03 21:45:53
789,PF,Jade Porto,nan,7237545949,nan,jade.porto.789@example.com,5503994290458,True,2026-09-16 09:17:53,2026-12-11 13:23:06
790,PJ,Mendes Ltda,Ferreira Ramos S.A.,55067217000100,985856728,mendes.ltda.790@example.com,55027960153433,True,2022-04-21 23:25:29,2026-07-17 00:23:33
791,PF,João Lucas Pereira,nan,21765477301,nan,jo.o.lucas.pereira.791@example.com,5535977908335,True,2020-01-21 17:18:43,2022-01-27 03:49:30
792,PJ,Guerra e Filhos S.A.,Farias - EI,29008904000145,148881079,guerra.e.filhos.s.a.792@example.com,5533942337209,True,2020-10-14 21:21:09,2021-01-24 21:01:35
793,PF,Yuri da Mota,nan,7772138857,nan,yuri.da.mota.793@example.com,5531928403339,True,2021-08-21 06:39:07,2025-02-23 11:42:47
794,PJ,Martins ME,Nascimento S/A,69125129000122,513717173,martins.me.794@example.com,5589939749096,True,2020-10-24 00:56:19,2021-12-03 18:44:44
795,PF,Pedro Miguel Vasconcelos,nan,80197054900,nan,pedro.miguel.vasconcelos.795@example.com,5599970469472,True,2021-09-08 13:04:19,2022-07-16 15:48:19
796,PJ,Montenegro S.A.,Moraes,64526550000121,444835488,montenegro.s.a.796@example.com,5571927058772,True,2021-04-16 04:05:49,2023-07-02 18:05:36
797,PJ,Azevedo Teixeira - ME,Brito,60085933000150,758231334,azevedo.teixeira.me.797@example.com,5545987149392,True,2024-08-11 14:16:18,2026-03-05 14:29:18
798,PF,Sr. Gael Vargas,nan,79117246369,nan,sr.gael.vargas.798@example.com,5522992587964,True,2021-09-25 02:53:41,2026-05-21 20:37:13
799,PJ,da Luz Melo Ltda.,nan,97627906000172,524555746,da.luz.melo.ltda.799@example.com,5566906065274,False,2026-04-22 19:38:26,2026-06-03 19:37:27
800,PJ,Santos S.A.,nan,1666013000167,344505665,santos.s.a.800@example.com,5583939874113,True,2023-02-28 20:13:41,2025-01-14 13:12:39
801,PJ,Duarte Silveira - ME,Aparecida,14369637000164,673499601,duarte.silveira.me.801@example.com,5554985741721,True,2022-05-26 19:32:26,2023-04-14 03:40:54
802,PF,Dr. Dom Cassiano,nan,70440839190,nan,dr.dom.cassiano.802@example.com,5549938173598,True,2025-03-12 19:17:19,2025-11-12 19:27:08
803,PF,Joana Novais,nan,6909311078,nan,joana.novais.803@example.com,5540921557325,True,2025-02-04 13:44:12,2025-06-06 13:14:25
804,PJ,da Conceição ME,Fonseca,83952092000137,534490216,da.concei.o.me.804@example.com,5567908085096,True,2021-08-20 22:27:27,2025-12-05 12:11:22
805,PJ,Montenegro Ltda.,da Paz,50239587000164,951191818,montenegro.ltda.805@example.com,55081997931647,False,2025-06-01 19:45:02,2025-07-20 07:46:27
806,PJ,Sousa ME,Rezende Farias S/A,65264785000155,295786069,sousa.me.806@example.com,5509960035624,True,2020-05-18 21:08:54,2025-05-19 15:26:51
807,PJ,Pacheco Rocha Ltda.,nan,89752507000105,873959232,pacheco.rocha.ltda.807@example.com,5542910890285,True,2026-06-02 19:26:07,2026-09-21 22:17:40
808,PF,Luan Dias,nan,97425486253,nan,luan.dias.808@example.com,5533942643350,True,2024-07-25 16:15:58,2024-07-31 19:37:38
809,PJ,Macedo Campos - ME,Macedo e Filhos,97244682000110,360776336,macedo.campos.me.809@example.com,5511928981231,True,2022-03-14 09:38:54,2023-04-19 20:58:03
810,PF,Maria Alice Souza,nan,17279348068,nan,maria.alice.souza.810@example.com,5563931857481,True,2025-09-01 11:52:13,2025-10-21 03:47:09
811,PF,Allana Abreu,nan,2954237066,nan,allana.abreu.811@example.com,5566915541643,True,2021-04-02 02:06:15,2026-08-12 15:40:19
812,PF,Srta. Maria Julia Melo,nan,72599777445,nan,srta.maria.julia.melo.812@example.com,5545902329028,True,2021-07-23 07:33:56,2022-12-25 22:13:15
813,PJ,Carvalho Sales - ME,Araújo - EI,10132134000110,345962622,carvalho.sales.me.813@example.com,5522951207346,True,2020-01-12 12:55:09,2020-09-14 00:45:06
814,PF,Maria Fernanda da Luz,nan,45495686314,nan,maria.fernanda.da.luz.814@example.com,5550905070260,False,2023-02-07 03:09:30,2024-05-18 14:15:46
815,PF,Maria Flor Teixeira,nan,86620196330,nan,maria.flor.teixeira.815@example.com,5582921053161,True,2022-08-27 17:33:19,2026-12-21 14:53:13
816,PF,Renan Martins,nan,78713159607,nan,renan.martins.816@example.com,5587929047742,True,2023-07-15 04:15:06,2026-11-29 00:45:13
817,PF,Dr. Calebe Mendes,nan,38162757708,nan,dr.calebe.mendes.817@example.com,55093923822311,True,2020-08-23 03:34:09,2020-10-05 00:48:51
818,PJ,da Paz S.A.,da Cruz S.A.,53871803000188,424579889,da.paz.s.a.818@example.com,5525965290603,True,2021-08-28 06:36:16,2024-05-26 09:49:25
819,PF,Anthony Gabriel Casa Grande,nan,71886117500,nan,anthony.gabriel.casa.grande.819@example.com,5532965097753,True,2026-03-14 12:50:22,2026-04-13 08:35:36
820,PJ,Machado Ltda,nan,25871850000196,379487148,machado.ltda.820@example.com,5552945787158,True,2024-03-05 16:28:37,2025-04-11 00:56:14
821,PF,Benício Viana,nan,13383781046,nan,ben.cio.viana.821@example.com,5560982137118,True,2020-08-23 01:36:29,2025-09-19 18:34:39
822,PJ,Cardoso S.A.,das Neves,9616244000178,768182683,cardoso.s.a.822@example.com,55030935892988,True,2020-01-24 21:32:38,2020-08-21 05:07:33
823,PF,Vitor Fonseca,nan,57745831555,nan,vitor.fonseca.823@example.com,5538925212932,True,2024-06-23 20:59:05,2025-11-01 11:10:18
824,PF,Mariana Costa,nan,44004731208,nan,mariana.costa.824@example.com,5506946867752,True,2022-06-19 14:48:44,2023-11-09 15:57:54
825,PF,Sra. Agatha Barbosa,nan,42491615606,nan,sra.agatha.barbosa.825@example.com,5584939910622,False,2025-12-06 23:30:16,2026-06-10 03:36:40
826,PF,Elisa Teixeira,nan,27624156326,nan,elisa.teixeira.826@example.com,5562966933513,True,2026-06-29 15:17:46,2026-12-01 05:14:34
827,PJ,Carvalho ME,nan,85386050000101,619237245,carvalho.me.827@example.com,5518948197374,True,2024-01-31 05:40:43,2025-10-16 13:03:07
828,PF,Vitor Hugo Souza,nan,11804157600,nan,vitor.hugo.souza.828@example.com,5572915406417,True,2026-06-17 22:42:54,2026-10-02 10:55:43
829,PF,Eloá Santos,nan,40078083419,nan,elo.santos.829@example.com,55043981199537,True,2025-03-03 17:16:24,2025-08-25 05:33:47
830,PF,Sra. Mariah Araújo,nan,93197878671,nan,sra.mariah.ara.jo.830@example.com,5544948564510,True,2021-08-22 12:04:18,2024-08-06 16:11:25
831,PF,Ryan da Cruz,nan,90568371500,nan,ryan.da.cruz.831@example.com,5573996417899,True,2026-08-18 04:43:26,2026-10-17 15:45:43
832,PF,Stella Rios,nan,51153627400,nan,stella.rios.832@example.com,5509919191135,True,2022-07-18 22:45:57,2025-05-20 18:32:14
833,PF,Mariah Gonçalves,nan,76983340825,nan,mariah.gon.alves.833@example.com,5557979806603,True,2022-10-27 01:23:12,2024-01-03 07:37:35
834,PJ,Alves Pires Ltda.,da Rocha - ME,94077107000181,074555347,alves.pires.ltda.834@example.com,5557942388565,True,2021-04-25 01:01:44,2026-09-16 03:22:52
835,PF,Theo Borges,nan,38948602357,nan,theo.borges.835@example.com,5559983541165,True,2022-08-17 21:13:56,2024-02-07 18:35:20
836,PF,Sara Porto,nan,5921710270,nan,sara.porto.836@example.com,55063947557522,True,2024-04-17 20:40:37,2026-06-26 14:19:35
837,PF,Sr. Daniel Correia,nan,48824939341,nan,sr.daniel.correia.837@example.com,5548984882691,True,2021-10-19 18:06:24,2023-06-15 22:01:12
838,PJ,Borges Borges e Filhos ME,da Luz,69300338000165,258562614,borges.borges.e.filhos.me.838@example.com,5591953703824,False,2022-07-24 22:04:21,2026-06-17 12:52:09
839,PF,Thales Câmara,nan,95842215900,nan,thales.c.mara.839@example.com,5533973204309,True,2023-08-16 22:53:18,2026-10-04 22:46:51
840,PF,Maysa Leão,nan,40981163084,nan,maysa.le.o.840@example.com,5589936289696,True,2020-09-01 03:00:29,2025-04-27 10:41:38
841,PF,Sra. Maria Clara da Luz,nan,6413851708,nan,sra.maria.clara.da.luz.841@example.com,5555935851253,True,2022-07-20 13:38:50,2023-12-02 11:29:51
842,PF,Carolina Brito,nan,6748127513,nan,carolina.brito.842@example.com,5578951935837,True,2020-11-28 23:41:15,2026-04-07 04:54:36
843,PJ,Oliveira EIRELI,nan,79654129000173,079779612,oliveira.eireli.843@example.com,5587980572151,True,2022-05-08 17:55:22,2026-05-18 16:11:21
844,PF,Sra. Isis Siqueira,nan,3733575083,nan,sra.isis.siqueira.844@example.com,5597962637484,True,2021-10-30 00:16:09,2022-04-27 11:45:35
845,PJ,da Conceição S.A.,Casa Grande,91509455000192,895090591,da.concei.o.s.a.845@example.com,5591986233922,True,2026-07-07 16:01:00,2026-08-23 19:37:24
846,PJ,Rezende - ME,nan,53451632000138,151169666,rezende.me.846@example.com,55025921452647,True,2023-04-14 15:36:53,2025-03-02 19:36:02
847,PF,Francisco da Luz,nan,81918553050,nan,francisco.da.luz.847@example.com,5533951571840,True,2020-09-14 18:55:28,2026-01-28 21:29:38
848,PF,Ana Liz Novais,nan,47931753097,nan,ana.liz.novais.848@example.com,5551920800564,True,2025-07-29 03:22:07,2026-12-23 09:04:48
849,PJ,Nunes - EI EIRELI,nan,20426340000196,512397283,nunes.ei.eireli.849@example.com,5512995927282,True,2023-05-28 09:08:01,2025-01-03 07:34:41
850,PF,Ana Pinto,nan,1406061735,nan,ana.pinto.850@example.com,5581944152982,True,2023-02-25 04:34:02,2024-08-25 10:20:21
851,PJ,Monteiro S.A.,nan,92514097000179,929578671,monteiro.s.a.851@example.com,5515935237360,True,2026-01-18 11:51:03,2026-01-20 17:59:48
852,PJ,Araújo Ltda,nan,42225646000117,791815899,ara.jo.ltda.852@example.com,5586983452734,True,2026-09-16 19:09:01,2026-11-04 06:44:11
853,PJ,Guerra Ltda,Garcia,74020206000110,170715879,guerra.ltda.853@example.com,5547940803149,True,2023-09-14 12:09:24,2024-05-01 23:36:24
854,PF,Dra. Ágatha Cavalcanti,nan,57555380935,nan,dra.gatha.cavalcanti.854@example.com,5508900463580,True,2021-06-04 21:55:37,2026-01-01 00:00:07
855,PF,Maya Sousa,nan,40932709532,nan,maya.sousa.855@example.com,5582985031723,True,2021-10-17 09:58:02,2024-10-11 19:10:52
856,PF,Sra. Ana Sophia Silva,nan,62740830904,nan,sra.ana.sophia.silva.856@example.com,5573999006314,True,2026-09-10 14:36:49,2026-10-17 22:22:23
857,PF,Isaque Ribeiro,nan,50353447897,nan,isaque.ribeiro.857@example.com,5526935602293,True,2020-05-11 09:48:55,2024-06-27 08:07:29
858,PF,Joana Lima,nan,52960608658,nan,joana.lima.858@example.com,5543946066643,True,2020-11-20 14:29:06,2026-06-24 07:08:38
859,PF,Isis Peixoto,nan,74102160426,nan,isis.peixoto.859@example.com,5560972311127,True,2025-03-22 10:54:57,2025-09-28 19:59:50
860,PF,Fernando Nascimento,nan,17866356742,nan,fernando.nascimento.860@example.com,5524964844941,True,2026-12-28 12:54:49,2026-12-30 03:40:34
861,PF,Miguel Costa,nan,76868316127,nan,miguel.costa.861@example.com,5587932807711,True,2026-04-27 23:37:52,2026-09-19 17:40:41
862,PJ,Andrade Gomes S.A.,Teixeira e Filhos,85307869000136,136957279,andrade.gomes.s.a.862@example.com,5583935090254,True,2023-07-11 05:24:50,2024-08-05 13:16:48
863,PJ,Ferreira Martins S.A.,Gonçalves - ME,6486356000163,248132357,ferreira.martins.s.a.863@example.com,5571939848228,False,2022-08-11 13:02:13,2026-08-04 12:19:13
864,PJ,Araújo S.A.,Rodrigues S/A,32582330000129,688092550,ara.jo.s.a.864@example.com,55013906090691,True,2021-01-24 18:46:57,2021-12-05 17:47:32
865,PF,Arthur Miguel Nunes,nan,98177327380,nan,arthur.miguel.nunes.865@example.com,5510979649673,True,2025-08-10 15:10:31,2026-11-29 08:55:07
866,PF,Rebeca Pimenta,nan,78584493387,nan,rebeca.pimenta.866@example.com,tel.: 0000,True,2026-09-12 21:18:56,2026-12-29 21:32:26
867,PF,Emanuella Gomes,nan,18260458306,nan,emanuella.gomes.867@example.com,5525906420768,True,2020-10-29 16:22:51,2025-02-15 10:01:26
868,PF,Murilo Cardoso,nan,95949309774,nan,murilo.cardoso.868@example.com,5536966777675,True,2025-12-28 17:52:14,2026-07-20 19:04:03
869,PJ,Duarte ME,Carvalho,20000539000158,833339395,duarte.me.869@example.com,55086954362718,True,2024-09-01 13:14:44,2025-09-15 17:45:50
870,PJ,da Rosa ME,nan,31897001000104,960335826,da.rosa.me.870@example.com,5562970369249,True,2024-05-22 16:34:33,2024-09-21 23:54:44
871,PJ,Ramos Guerra - EI Ltda,Cassiano Jesus Ltda.,60024244000136,732759980,ramos.guerra.ei.ltda.871@example.com,5511900051553,True,2023-09-24 06:37:41,2026-07-30 22:41:56
872,PJ,Cunha das Neves S/A ME,Pinto,36272311000157,597752441,cunha.das.neves.s.a.me.872@example.com,5522926189628,True,2025-06-13 21:45:24,2026-05-06 18:01:29
873,PJ,Sampaio ME,Sales,18226111000186,312710267,sampaio.me.873@example.com,5572909579927,True,2026-02-18 11:14:39,2026-06-16 20:52:18
874,PF,Samuel Rios,nan,95131562813,nan,samuel.rios.874@example.com,5555915122946,True,2026-07-01 18:05:52,2026-12-29 12:29:08
875,PF,Daniel Vieira,nan,24702529625,nan,daniel.vieira.875@example.com,5554915970996,True,2025-06-22 17:34:15,2026-12-19 11:32:14
876,PF,Luiz Otávio da Cunha,nan,53082054773,nan,luiz.ot.vio.da.cunha.876@example.com,5584980752034,True,2024-12-21 16:39:57,2025-02-05 10:14:41
877,PF,Pietro Lopes,nan,65800296847,nan,pietro.lopes.877@example.com,5504971580290,True,2025-07-22 12:29:51,2025-12-02 02:19:23
878,PF,Dra. Allana da Rosa,nan,1959417720,nan,dra.allana.da.rosa.878@example.com,5537966046558,True,2020-08-09 10:53:57,2023-11-19 09:04:44
879,PJ,Jesus ME,Cardoso,50267799000155,548374417,jesus.me.879@example.com,5558910213125,True,2025-09-10 16:17:00,2026-09-02 12:35:54
880,PF,Eduardo Oliveira,nan,66367960732,nan,eduardo.oliveira.880@example.com,5511900591297,True,2025-08-16 17:36:29,2026-04-13 09:14:13
881,PF,Luísa Viana,nan,21466457333,nan,lu.sa.viana.881@example.com,5591902312110,True,2020-01-27 05:11:35,2026-06-29 02:40:48
882,PJ,Vieira EIRELI,nan,40634190000113,330165837,vieira.eireli.882@example.com,5579927490728,True,2023-03-06 14:29:14,2024-11-05 14:52:22
883,PF,Bruno Cavalcanti,nan,94548018727,nan,bruno.cavalcanti.883@example.com,5542989311325,True,2023-10-29 17:58:18,2026-05-25 16:21:30
884,PJ,Castro Gonçalves e Filhos Ltda,Peixoto,13145071000124,684364538,castro.gon.alves.e.filhos.ltda.884@example.com,5544921017509,True,2023-09-06 19:06:00,2026-12-29 09:48:28
885,PF,Anna Liz Rocha,nan,57835228564,nan,anna.liz.rocha.885@example.com,55001959591945,True,2021-08-04 23:59:21,2022-09-24 04:04:02
886,PJ,Fogaça S.A.,Freitas,21597042000121,747583392,foga.a.s.a.886@example.com,5556977567772,True,2020-12-10 21:45:13,2023-02-07 19:46:14
887,PJ,Sousa Sá - ME,Alves,49702401000182,256265062,sousa.s.me.887@example.com,55092931067245,True,2022-01-08 12:29:41,2022-05-16 05:15:43
888,PF,Antônio Monteiro,nan,64296022733,nan,ant.nio.monteiro.888@example.com,5524984337976,True,2022-11-05 14:56:14,2024-06-09 12:09:03
889,PF,Eduarda Mendonça,nan,5185259612,nan,eduarda.mendon.a.889@example.com,5551915794238,True,2020-12-07 14:19:55,2026-04-28 22:38:20
890,PF,Helena Leão,nan,10218202105,nan,helena.le.o.890@example.com,55004925496919,True,2021-11-26 20:45:40,2025-03-28 05:44:00
891,PF,Vinícius da Paz,nan,23092433610,nan,vin.cius.da.paz.891@example.com,5552959710756,True,2021-04-03 20:32:49,2025-05-28 03:59:06
892,PJ,Costela Duarte e Filhos S.A.,Dias Porto - ME,6217492000158,485953259,costela.duarte.e.filhos.s.a.892@example.com,5599933797058,True,2025-02-08 22:57:29,2025-06-10 16:52:15
893,PF,Matheus Sá,nan,65640613157,nan,matheus.s.893@example.com,55095918779417,True,2025-05-13 11:46:43,2026-12-30 20:19:23
894,PF,Evelyn Vieira,nan,34411713659,nan,evelyn.vieira.894@example.com,5525907330559,True,2026-12-03 21:03:15,2026-12-27 23:09:02
895,PJ,Novais Ltda,Viana da Mata Ltda.,3773763000163,759833991,novais.ltda.895@example.com,5503988436604,True,2025-01-17 18:17:08,2025-12-25 03:47:25
896,PF,Gustavo Casa Grande,nan,30808812734,nan,gustavo.casa.grande.896@example.com,5500961572768,True,2024-08-29 06:32:57,2024-10-10 22:53:01
897,PJ,Peixoto Macedo Ltda.,da Mota - ME,25303214000168,439742925,peixoto.macedo.ltda.897@example.com,5510958752568,True,2020-12-17 10:47:58,2024-10-26 08:48:34
898,PF,Pedro Henrique Ramos,nan,8766454816,nan,pedro.henrique.ramos.898@example.com,5562959045990,False,2025-06-12 07:37:31,2026-02-16 11:00:30
899,PF,Ana Laura Silveira,nan,65596251763,nan,ana.laura.silveira.899@example.com,55071912218231,True,2023-07-16 22:55:36,2025-09-08 07:49:31
900,PJ,Fogaça ME,Barros,47635946000198,651768086,foga.a.me.900@example.com,5528913721433,True,2026-09-15 14:43:17,2026-10-28 07:19:51
901,PJ,Ramos e Filhos EIRELI,Aragão e Filhos,42755814000186,370033228,ramos.e.filhos.eireli.901@example.com,5556960847068,True,2024-01-22 00:47:07,2025-07-08 20:15:12
902,PF,Asafe Costa,nan,64610521784,nan,asafe.costa.902@example.com,5503939705195,True,2020-02-28 06:16:26,2025-07-06 03:46:53
903,PF,Eloah Gonçalves,nan,86404323095,nan,eloah.gon.alves.903@example.com,5528909448586,True,2024-02-02 03:24:39,2024-08-20 15:14:48
904,PF,Guilherme Sá,nan,34777609995,nan,guilherme.s.904@example.com,5545935461470,True,2024-02-18 10:22:19,2025-03-18 20:04:52
905,PF,Sophie Vargas,nan,72588159451,nan,sophie.vargas.905@example.com,5532910613394,True,2023-06-16 05:26:47,2025-06-11 10:53:25
906,PF,Dra. Hadassa Pastor,nan,97191980605,nan,dra.hadassa.pastor.906@example.com,5557903943804,True,2024-10-21 04:16:15,2026-09-14 08:39:22
907,PF,Henrique Cirino,nan,58407661864,nan,henrique.cirino.907@example.com,5537965769277,True,2023-12-09 19:53:52,2026-03-22 00:42:51
908,PF,Laura Vieira,nan,84423793636,nan,laura.vieira.908@example.com,5519910090040,True,2025-04-10 21:23:00,2025-12-06 07:07:12
909,PF,Pedro Miguel Garcia,nan,5083312182,nan,pedro.miguel.garcia.909@example.com,5521905336514,True,2022-11-29 01:35:46,2026-10-17 17:12:46
910,PF,Alícia da Rosa,nan,31708663118,nan,al.cia.da.rosa.910@example.com,5514924731072,True,2023-01-05 01:11:35,2023-01-23 02:20:14
911,PJ,Camargo S/A ME,Marques Pacheco e Filhos,92534095000141,844097123,camargo.s.a.me.911@example.com,5566900767620,True,2022-09-07 02:21:43,2022-12-24 12:00:46
912,PJ,Ribeiro S/A S.A.,Santos,84758717000197,473404337,ribeiro.s.a.s.a.912@example.com,5509968730451,True,2024-10-19 15:48:11,2025-10-01 07:03:44
913,PF,Maria Eduarda Marques,nan,6300721248,nan,maria.eduarda.marques.913@example.com,55082955882556,True,2023-01-25 22:34:34,2023-03-29 04:04:03
914,PJ,Pacheco Guerra Ltda.,Ferreira,93878918000119,427865619,pacheco.guerra.ltda.914@example.com,5525957782058,True,2025-05-29 12:50:24,2026-03-28 08:24:17
915,PF,Clara Peixoto,nan,56418420012,nan,clara.peixoto.915@example.com,5582992361618,True,2022-03-18 16:14:04,2024-08-18 10:08:04
916,PF,Ana Cecília Moreira,nan,8318593260,nan,ana.cec.lia.moreira.916@example.com,5590948235715,True,2026-03-21 05:20:56,2026-07-16 22:46:03
917,PJ,Novaes Ltda,nan,19620292000193,686395613,novaes.ltda.917@example.com,55023908172143,True,2020-04-21 18:16:02,2020-12-28 13:02:34
918,PJ,da Rosa ME,Nogueira Porto S/A,39948339000150,300041321,da.rosa.me.918@example.com,5547916560945,True,2026-11-26 19:38:31,2026-12-31 16:38:46
919,PF,Maria Fernanda Costela,nan,81037529162,nan,maria.fernanda.costela.919@example.com,5569997990707,True,2024-03-20 13:49:42,2024-06-06 01:33:25
920,PJ,Ferreira ME,nan,4429348000150,047681699,ferreira.me.920@example.co,5570960717481,True,2022-02-27 14:36:59,2023-03-12 14:22:59
921,PJ,da Cruz e Filhos ME,Marques - ME,82897513000101,539705487,da.cruz.e.filhos.me.921@example.com,5596910290871,True,2025-08-21 08:43:39,2025-10-07 22:00:06
922,PF,Emilly Martins,nan,84970258066,nan,emilly.martins.922@example.com,5596980491872,True,2023-10-22 09:22:58,2024-05-25 17:59:47
923,PF,Laís Castro,nan,76376222749,nan,la.s.castro.923@example.com,5549956121377,True,2022-04-22 15:25:23,2025-09-09 16:35:46
924,PJ,Abreu Gomes e Filhos Ltda,Vargas Garcia S/A,8757924000149,423597371,abreu.gomes.e.filhos.ltda.924@example.com,5522929907756,True,2023-11-02 16:22:26,2025-12-23 04:07:12
925,PF,Vinicius Sales,nan,4686675553,nan,vinicius.sales.925@example.com,5581967046861,True,2022-07-25 16:11:55,2023-09-05 15:06:58
926,PF,Caio da Luz,nan,11979922276,nan,caio.da.luz.926@example.com,5576983210219,True,2020-06-28 06:05:00,2024-09-08 19:28:44
927,PJ,Rios Costa - ME,Novais,47402520000194,471296180,rios.costa.me.927@example.com,5532942605080,True,2025-01-21 02:33:48,2026-10-23 00:27:53
928,PF,Vinicius Rios,nan,71629967874,nan,vinicius.rios.928@example.com,5598904253733,False,2023-02-10 18:28:21,2023-06-04 06:48:12
929,PJ,Mendes ME,Cunha,27465739000125,nan,mendes.me.929@example.com,55017981923653,True,2025-12-27 10:11:51,2026-06-03 05:27:55
930,PF,Nicolas Araújo,nan,66122333115,nan,nicolas.ara.jo.930@example.com,5505960356793,False,2020-10-10 04:39:33,2023-03-09 01:54:13
931,PF,Srta. Pietra Pimenta,nan,86052020334,nan,srta.pietra.pimenta.931@example.com,5562939847169,True,2022-12-24 13:48:35,2024-02-14 00:43:06
932,PF,Oliver Azevedo,nan,95833628326,nan,oliver.azevedo.932@example.com,5512905464754,True,2022-07-05 17:33:52,2026-09-13 21:06:51
933,PJ,das Neves ME,Moraes,71831621000165,769899927,das.neves.me.933@example.com,5517958891444,True,2020-08-26 22:17:25,2025-02-04 21:14:03
934,PF,Théo da Conceição,nan,52862057800,nan,th.o.da.concei.o.934@example.com,5553993543586,True,2020-04-01 14:11:00,2022-04-30 10:09:51
935,PF,João Peixoto,nan,54337908277,nan,jo.o.peixoto.935@example.com,5539924358853,True,2020-02-03 06:51:16,2020-09-30 02:27:37
936,PF,Stephany Cavalcanti,nan,2591582912,nan,stephany.cavalcanti.936@example.com,5543939527536,True,2020-08-03 19:12:23,2024-07-04 02:46:32
937,PF,Júlia Nunes,nan,9635225407,nan,j.lia.nunes.937@example.com,55085924914168,True,2024-04-24 06:46:17,2025-02-05 13:07:02
938,PJ,Abreu Ltda,nan,76439865000110,134778948,abreu.ltda.938@example.com,5563940679176,True,2023-07-26 12:45:37,2025-10-27 08:26:27
939,PF,Luara Campos,nan,67168001078,nan,luara.campos.939@example.com,55021950014188,True,2025-01-20 11:06:26,2025-04-21 10:30:32
940,PF,Davi Lucas Viana,nan,90805767002,nan,davi.lucas.viana.940@example.com,5563909001594,True,2020-04-15 18:53:03,2026-06-03 00:58:08
941,PF,Pedro da Costa,nan,3637622807,nan,pedro.da.costa.941@example.com,5539999485320,False,2021-05-03 06:32:51,2026-03-09 22:27:58
942,PF,Luiza Teixeira,nan,64639833300,nan,luiza.teixeira.942@example.com,5526938902199,True,2020-06-10 21:53:46,2020-08-31 15:22:37
943,PJ,Mendonça ME,Brito S.A.,76903480000162,633792234,mendon.a.me.943@example.com,5503946996733,True,2023-01-25 11:13:12,2023-08-28 15:54:36
944,PF,Bruno Jesus,nan,26632983448,nan,bruno.jesus.944@example.com,55072969608437,True,2023-10-17 13:39:43,2026-07-21 04:46:40
945,PJ,Vieira Ltda,Duarte,70422577000177,078967935,vieira.ltda.945@example.com,55019962633556,True,2024-03-14 16:52:22,2026-12-05 12:16:36
946,PF,Josué Silva,nan,27626953509,nan,josu.silva.946@example.com,5536997093170,True,2020-09-07 14:13:02,2024-10-29 13:06:51
947,PJ,Oliveira S.A.,nan,21159760000116,556076761,oliveira.s.a.947@example.com,5545934547223,True,2024-06-22 03:17:52,2026-11-20 07:11:58
948,PF,Stella Peixoto,nan,13581799642,nan,stella.peixoto.948@example.com,5530965031219,True,2022-02-01 05:40:32,2025-02-09 01:04:07
949,PF,Dra. Ana Julia da Cunha,nan,14134014735,nan,dra.ana.julia.da.cunha.949@example.com,5584972426423,True,2021-04-26 18:21:21,2025-02-23 08:34:50
950,PF,Luana Cavalcante,nan,62618785282,nan,luana.cavalcante.950@example.com,5513919092487,True,2024-08-13 19:00:29,2025-10-28 14:15:12
951,PF,Eloah da Costa,nan,29474856885,nan,eloah.da.costa.951@example.com,5539911142817,True,2021-07-29 06:33:10,2023-03-20 22:27:39
952,PJ,Silveira ME,Cassiano Nascimento S.A.,58481598000168,305248088,silveira.me.952@example.com,5562920722395,True,2021-06-16 16:46:50,2023-04-01 08:56:27
953,PF,Lara Martins,nan,89653680226,nan,lara.martins.953@example.com,5572913290162,True,2020-04-11 17:31:10,2020-04-15 17:40:22
954,PF,João Pedro Marques,nan,12145277447,nan,jo.o.pedro.marques.954@example.com,5576988687859,True,2025-04-21 01:28:24,2025-05-04 18:25:51
955,PJ,Sá ME,Moura,37252082000171,628720319,s.me.955@example.com,5541996664505,True,2020-06-18 11:58:14,2021-08-12 14:08:55
956,PF,Fernanda Sá,nan,8263779634,nan,fernanda.s.956@example.com,5536927924632,True,2021-11-01 21:21:58,2023-02-19 08:24:49
957,PF,Ian Macedo,nan,85248351413,nan,ian.macedo.957@example.com,5576977537260,True,2022-01-16 05:13:01,2026-11-04 20:35:25
958,PJ,Casa Grande Porto S/A EIRELI,Freitas,13235929000141,057661945,casa.grande.porto.s.a.eireli.958@example.com,5587907155348,True,2020-11-19 09:53:37,2021-01-09 12:55:06
959,PJ,Albuquerque Brito S.A.,Araújo,36774570000186,083850765,albuquerque.brito.s.a.959@example.com,5575995450891,True,2025-05-09 12:38:09,2026-04-01 21:06:00
960,PJ,Teixeira Ltda,nan,1864619000107,768089812,teixeira.ltda.960@example.com,5557942231964,True,2025-12-25 03:35:35,2026-08-26 08:06:43
961,PF,Hellena Aparecida,nan,43497463159,nan,hellena.aparecida.961@example.com,5540923693626,True,2023-05-16 01:12:34,2023-06-27 04:07:32
962,PF,Jade Costela,nan,25267030260,nan,jade.costela.962@example.com,5512904713727,True,2024-06-14 11:52:54,2025-07-28 23:49:26
963,PF,Bruno Rios,nan,98433022814,nan,bruno.rios.963@example.com,55059957498855,True,2020-10-17 23:57:55,2020-12-02 22:51:01
964,PJ,Rios Rodrigues e Filhos EIRELI,nan,36040988000160,984933067,rios.rodrigues.e.filhos.eireli.964@example.com,5558947609441,True,2023-11-15 09:28:18,2025-04-26 03:12:16
965,PF,Henry Gabriel Viana,nan,14086412241,nan,henry.gabriel.viana.965@example.com,5537921885666,True,2023-10-22 08:11:17,2024-05-03 21:38:31
966,PJ,da Rosa S.A.,da Cruz S.A.,7186827000180,971506662,da.rosa.s.a.966@example.com,5570955143776,True,2021-06-29 00:52:15,2024-06-26 00:46:23
967,PJ,Guerra Lopes S.A.,da Cruz,68788389000115,925295961,guerra.lopes.s.a.967@example.com,5511902867120,True,2021-04-02 07:03:29,2026-07-01 21:30:37
968,PF,Ravy Cavalcanti,nan,16243153487,nan,ravy.cavalcanti.968@example.com,5524955910245,True,2026-12-15 19:48:41,2026-12-19 01:51:30
969,PF,Arthur Miguel Pacheco,nan,22754610278,nan,arthur.miguel.pacheco.969@example.com,5509903267149,True,2023-08-25 21:49:44,2025-11-13 16:55:40
970,PF,Vinicius Barbosa,nan,95096401073,nan,vinicius.barbosa.970@example.com,5542917942817,True,2026-11-29 19:59:13,2026-12-09 10:55:01
971,PF,Heloisa Sales,nan,12703345739,nan,heloisa.sales.971@example.com,5506952775844,True,2022-06-19 07:34:10,2022-08-05 21:42:11
972,PF,Maria Liz Leão,nan,35019641375,nan,maria.liz.le.o.972@example.com,5545933722010,True,2026-09-06 04:45:26,2026-12-18 12:22:59
973,PJ,Casa Grande S/A ME,Cardoso,44610845000174,214559376,casa.grande.s.a.me.973@example.com,5518994370526,True,2020-02-15 15:18:05,2021-03-01 19:50:06
974,PF,Luiz Felipe Azevedo,nan,9223161479,nan,luiz.felipe.azevedo.974@example.com,5504962776572,True,2020-06-14 21:41:08,2022-01-24 10:00:42
975,PJ,Souza S.A.,Ribeiro,98577360000155,592024617,souza.s.a.975@example.com,5520923897432,True,2021-06-16 05:54:33,2025-03-10 15:11:24
976,PF,Ana Carolina Vargas,nan,92436409099,nan,ana.carolina.vargas.976@example.com,5555995501783,True,2026-09-11 07:26:03,2026-11-24 06:39:47
977,PF,Diogo Farias,nan,22162646102,nan,diogo.farias.977@example.com,5548968999360,True,2023-09-18 10:05:56,2024-11-13 18:44:52
978,PF,Lavínia Nascimento,nan,25920320028,nan,lav.nia.nascimento.978@example.com,55004950691767,True,2023-01-15 15:25:33,2025-03-19 14:17:43
979,PF,Isabel Dias,nan,47891127131,nan,isabel.dias.979@example.com,5537944039464,True,2021-07-14 07:42:46,2026-09-30 16:46:33
980,PF,Vinícius da Conceição,nan,2658971141,nan,vin.cius.da.concei.o.980@example.com,5537936060148,True,2025-10-15 20:42:54,2026-04-04 16:24:27
981,PF,Maria Vitória Almeida,nan,34195921082,nan,maria.vit.ria.almeida.981@example.com,5549907938841,False,2020-09-14 06:59:50,2022-03-03 07:40:00
982,PF,Mathias Novais,nan,73093311845,nan,mathias.novais.982@example.com,5528930615370,True,2023-01-14 00:17:52,2026-10-29 11:48:26
983,PJ,Cardoso e Filhos ME,Cavalcante,83695507000134,446263251,cardoso.e.filhos.me.983@example.com,5548981121031,True,2025-04-28 15:02:12,2025-08-15 07:23:39
984,PJ,Cavalcanti S.A.,nan,37063255000103,175188781,cavalcanti.s.a.984@example.com,55094915152638,True,2026-02-26 11:28:49,2026-07-09 06:02:33
985,PJ,Silveira S.A.,Pinto S/A,74495910000129,122528837,silveira.s.a.985@example.com,5505966186323,True,2021-02-14 06:46:36,2026-10-21 19:10:47
986,PF,Rafaela Vasconcelos,nan,23704687340,nan,rafaela.vasconcelos.986@example.com,5513978765530,True,2022-11-26 10:55:08,2023-04-28 21:56:49
987,PJ,Machado S.A.,Oliveira Ltda.,86351992000117,055605712,machado.s.a.987@example.com,5598981927788,True,2025-01-18 08:57:27,2026-07-04 21:10:00
988,PJ,Campos ME,Viana e Filhos,38382328000192,534864010,campos.me.988@example.com,5524962456185,True,2024-11-08 01:18:49,2026-11-09 18:34:18
989,PJ,Monteiro Ltda.,Jesus,79876862000132,004521289,monteiro.ltda.989@example.com,5515911455129,True,2023-05-26 17:25:14,2024-07-19 23:08:01
990,PJ,Pacheco Barros S.A.,da Mota Ltda.,35955425000139,881898484,pacheco.barros.s.a.990@example.com,5560946154021,True,2023-04-14 09:22:26,2025-05-22 08:26:40
991,PJ,Pastor S/A S.A.,nan,62004017000174,170756814,pastor.s.a.s.a.991@example.com,55098931522910,True,2023-07-08 07:18:52,2024-05-19 09:54:13
992,PF,Helena Siqueira,nan,87956145678,nan,helena.siqueira.992@example.com,55028936084937,True,2023-05-23 19:34:25,2026-08-28 15:04:56
993,PJ,Araújo Lopes S.A.,Correia,77568123000158,845269694,ara.jo.lopes.s.a.993@example.com,5539916497016,True,2020-04-13 08:54:34,2024-05-29 21:34:25
994,PF,Esther Souza,nan,47374035802,nan,esther.souza.994@example.com,5529929132033,True,2023-08-26 16:40:30,2025-01-07 17:58:03
995,PJ,Siqueira S/A Ltda,Carvalho,96665592000130,341903106,siqueira.s.a.ltda.995@example.com,5553972215566,True,2021-01-29 04:29:51,2022-02-01 11:28:38
996,PJ,Macedo Ltda,Porto Casa Grande S.A.,64567572000130,653377460,macedo.ltda.996@example.com,5506972007843,True,2026-12-05 14:40:08,2026-12-11 23:09:35
997,PJ,Camargo S.A.,Casa Grande,9467495000138,442607819,camargo.s.a.997@example.com,55054937347642,True,2025-03-26 03:21:22,2025-06-11 22:59:18
998,PF,Hellena Macedo,nan,72146733047,nan,hellena.macedo.998@example.com,55003976388214,True,2026-10-16 08:08:19,2026-10-21 08:43:27
999,PJ,Moreira S.A.,nan,99863945000102,414846019,moreira.s.a.999@example.com,5534943899827,True,2021-03-13 20:28:03,2021-11-03 23:12:43
1000,PF,Agatha Cassiano,nan,58542714199,nan,agatha.cassiano.1000@example.com,5558969507321,True,2020-03-20 11:46:38,2024-12-27 09:51:06
1001,PF,Sra. Mariana da Cunha,nan,42111918458,nan,sra.mariana.da.cunha.1001@example.com,5593969995167,True,2025-10-30 07:07:20,2026-08-06 12:32:49
1002,PF,Fernanda da Cruz,nan,98993138150,nan,fernanda.da.cruz.1002@example.com,5505957385736,True,2026-11-28 09:42:14,2026-12-09 21:18:32
1003,PJ,Sales S/A Ltda,nan,96765027000144,192360376,sales.s.a.ltda.1003@example.com,5511987233351,False,2026-11-18 16:34:17,2026-11-22 04:08:36
1004,PJ,da Cunha S/A ME,Campos,71297088000101,497315391,da.cunha.s.a.me.1004@example.com,5549983074820,True,2024-08-24 13:53:16,2026-06-12 12:47:26
1005,PF,Helena Vieira,nan,90381873196,nan,helena.vieira.1005@example.com,5551918939406,True,2026-10-13 16:25:04,2026-11-15 23:09:47
1006,PF,Sra. Maria Alice Sá,nan,11122316682,nan,sra.maria.alice.s.1006@example.com,55082901904322,True,2023-01-10 21:31:23,2023-10-28 23:56:19
1007,PF,Augusto Siqueira,nan,3533996123,nan,augusto.siqueira.1007@example.com,55033932470739,True,2024-08-20 15:56:57,2026-08-17 02:02:06
1008,PJ,Andrade Campos e Filhos ME,nan,41084854000180,354621276,andrade.campos.e.filhos.me.1008@example.com,5525908261123,True,2025-03-02 12:14:31,2026-03-07 22:37:50
1009,PJ,Cassiano - ME,Lopes S.A.,11200675000109,248889957,cassiano.me.1009@example.com,55098993762974,True,2023-01-31 23:14:17,2025-11-22 16:18:53
1010,PJ,da Luz ME,Siqueira Vargas S/A,62623742000120,364687191,da.luz.me.1010@example.com,55003981876920,True,2020-01-10 23:39:06,2022-04-17 01:00:42
1011,PJ,Nascimento da Conceição S.A.,Aragão Moraes - EI,59755112000103,813881588,nascimento.da.concei.o.s.a.1011@example.com,5544958220673,True,2020-03-31 09:17:12,2026-09-25 18:35:29
1012,PF,Henry Sampaio,nan,44976008312,nan,henry.sampaio.1012@example.com,5582997168157,True,2026-03-18 01:46:12,2026-08-06 10:34:18
1013,PF,João Guilherme Fernandes,nan,85151511033,nan,jo.o.guilherme.fernandes.1013@example.com,5500900015291,True,2025-12-30 20:04:08,2026-07-18 18:17:25
1014,PJ,Sales S.A.,Brito,60633987000103,785090255,sales.s.a.1014@example.com,5518944421829,True,2020-09-03 17:41:18,2024-04-27 04:42:57
1015,PF,Ágatha Mendes,nan,60369282469,nan,gatha.mendes.1015@example.com,5578912248905,True,2020-06-16 12:59:38,2024-05-22 20:17:52
1016,PF,Olivia Aparecida,nan,46512404963,nan,olivia.aparecida.1016@example.com,5567900900436,True,2024-12-09 12:25:13,2026-07-30 13:25:08
1017,PJ,Porto ME,Borges,65709343000175,584826691,porto.me.1017@example.com,5562948355054,True,2026-03-17 16:28:57,2026-12-22 05:33:32
1018,PF,Marcos Vinicius Siqueira,nan,93869825952,nan,marcos.vinicius.siqueira.1018@example.com,5580970633699,True,2022-08-23 23:41:23,2025-02-18 00:25:28
1019,PJ,Pinto S.A.,Viana,54755842000182,098221040,pinto.s.a.1019@example.com,5564981880442,True,2023-06-21 21:23:57,2023-12-13 10:37:22
1020,PF,Olívia Monteiro,nan,69849251506,nan,ol.via.monteiro.1020@example.com,5583963816432,True,2026-09-05 22:35:24,2026-09-07 20:18:52
1021,PJ,Casa Grande e Filhos ME,Pinto,59311536000170,428946420,casa.grande.e.filhos.me.1021@example.com,5562958631441,True,2026-04-12 02:09:22,2026-07-13 10:52:07
1022,PF,Ana Cecília Gomes,nan,92571157043,nan,ana.cec.lia.gomes.1022@example.com,5562955402635,True,2022-10-27 03:50:13,2026-09-20 20:43:25
1023,PJ,Nogueira S.A.,nan,58139041000143,243017646,nogueira.s.a.1023@example.com,5548998803153,True,2025-07-28 05:37:42,2026-04-22 02:23:01
1024,PJ,da Mota Farias e Filhos S.A.,nan,41661728000141,279050404,da.mota.farias.e.filhos.s.a.1024@example.com,5533935384951,True,2021-03-03 15:40:30,2026-02-04 16:00:45
1025,PF,Hellena Casa Grande,nan,705102530,nan,hellena.casa.grande.1025@example.com,5511997871809,True,2025-12-01 18:55:42,2026-02-06 15:21:52
1026,PJ,da Costa Pastor S/A EIRELI,Monteiro Cunha S.A.,68935797000152,653060119,da.costa.pastor.s.a.eireli.1026@example.com,5575961786880,True,2021-05-23 18:00:48,2024-09-02 09:14:01
1027,PF,Francisco Costela,nan,20281138125,nan,francisco.costela.1027@example.com,5509915618298,True,2026-08-19 16:23:40,2026-09-13 01:27:32
1028,PJ,da Cruz e Filhos ME,Farias,75313013000110,774491609,da.cruz.e.filhos.me.1028@example.com,5565995201491,True,2024-02-14 02:31:01,2024-06-13 13:14:46
1029,PJ,Moura e Filhos Ltda,Caldeira,43892467000104,843368750,moura.e.filhos.ltda.1029@example.com,5526932239982,True,2024-02-25 07:31:09,2025-06-13 12:13:03
1030,PF,Isaque Machado,nan,68774754963,nan,isaque.machado.1030@example.com,5555961140428,True,2021-03-01 04:11:15,2024-04-14 05:28:48
1031,PF,Maria Luísa Souza,nan,96107713786,nan,maria.lu.sa.souza.1031@example.com,5550953766608,True,2022-10-06 15:20:52,2025-01-09 10:04:59
1032,PF,Srta. Bruna Souza,nan,17236586501,nan,srta.bruna.souza.1032@example.com,55060903083566,True,2024-08-18 03:34:09,2025-05-04 22:13:39
1033,PJ,Teixeira S/A EIRELI,Cassiano,78881108000128,715312345,teixeira.s.a.eireli.1033@example.com,5506988269177,True,2025-07-27 08:09:59,2025-12-22 06:21:39
1034,PF,Cecília Pinto,nan,25771034177,nan,cec.lia.pinto.1034@example.com,5584940134808,True,2024-07-14 11:03:33,2025-06-26 07:25:07
1035,PF,Evelyn Fernandes,nan,3555297422,0,evelyn.fernandes.1035@example.com,5537988260335,True,2022-03-11 12:14:21,2026-03-04 07:28:50
1036,PF,Camila Aragão,nan,94260959425,nan,camila.arag.o.1036@example.com,5557909085991,True,2023-08-30 11:20:03,2025-09-30 05:18:06
1037,PF,João Pedro Oliveira,nan,90486639541,nan,jo.o.pedro.oliveira.1037@example.com,55007949269996,True,2023-04-21 06:14:04,2025-04-27 15:11:47
1038,PF,Maria Flor Vasconcelos,nan,58098046834,nan,maria.flor.vasconcelos.1038@example.com,5589997184285,True,2023-06-13 02:33:16,2025-09-22 01:05:37
1039,PF,Maria Isis Porto,nan,92896692924,nan,maria.isis.porto.1039@example.com,5532959140849,True,2026-07-11 22:23:43,2026-12-06 19:58:40
1040,PF,Evelyn Cavalcanti,nan,74198986932,nan,evelyn.cavalcanti.1040@example.com,5512934266980,True,2021-10-23 08:00:56,2026-04-13 06:01:29
1041,PJ,Pinto ME,Novais - ME,17546125000114,261760723,pinto.me.1041@example.com,5583989359538,False,2026-06-13 19:32:06,2026-10-20 18:19:23
1042,PF,Antony da Paz,nan,74744710948,nan,antony.da.paz.1042@example.com,5556912996508,True,2020-07-01 20:26:53,2024-06-17 10:24:05
1043,PF,Nathan Pastor,nan,20147288878,nan,nathan.pastor.1043@example.com,5582964186965,True,2025-12-10 02:40:08,2026-08-05 22:35:24
1044,PF,Ana Sophia Cunha,nan,99265944927,nan,ana.sophia.cunha.1044@example.com,5587961238595,True,2023-01-06 04:42:11,2023-08-08 04:57:42
1045,PJ,da Cunha S.A.,Guerra,20350473000126,823948400,da.cunha.s.a.1045@example.com,55073900869661,True,2022-08-18 20:41:26,2022-12-15 16:43:51
1046,PJ,Camargo - ME,nan,76878831000122,831139500,camargo.me.1046@example.com,5568909414915,True,2021-07-30 07:27:41,2022-09-27 06:15:31
1047,PJ,Marques - ME,Pires Moreira S.A.,16459021000100,976205344,marques.me.1047@example.com,5577979462072,True,2026-11-01 03:42:04,2026-11-17 23:59:02
1048,PJ,Teixeira EIRELI,Rios,79461321000143,292508177,teixeira.eireli.1048@example.com,5502999140688,True,2023-03-20 08:58:28,2024-10-08 08:49:43
1049,PF,Bernardo Correia,nan,98879254979,nan,bernardo.correia.1049@example.com,5537931255235,True,2020-10-30 01:22:21,2025-05-23 13:52:14
1050,PF,Bianca Martins,nan,34942399750,nan,bianca.martins.1050@example.com,5517903211920,True,2026-04-19 07:49:57,2026-05-13 06:18:53
1051,PF,Brenda Câmara,nan,44159349862,nan,brenda.c.mara.1051@example.com,5538952778956,True,2021-11-22 22:48:33,2025-10-05 21:57:33
1052,PF,Gabriel Cunha,nan,88881336235,nan,gabriel.cunha.1052@example.com,55018944490295,True,2021-12-11 03:36:04,2022-05-25 06:05:48
1053,PF,Diego Gonçalves,nan,2635135134,nan,diego.gon.alves.1053@example.com,5580916440373,True,2026-02-23 09:18:52,2026-05-23 16:40:34
1054,PF,Isis Caldeira,nan,70908972300,nan,isis.caldeira.1054@example.com,5578912778221,True,2024-09-01 06:44:40,2025-01-17 13:34:25
1055,PF,Enrico Porto,nan,88717067065,nan,enrico.porto.1055@example.com,5579982134862,True,2020-11-05 04:32:34,2022-06-10 03:19:19
1056,PF,Ísis Fernandes,nan,48656333160,nan,sis.fernandes.1056@example.com,55097936383182,True,2020-01-17 18:13:57,2022-12-16 17:04:29
1057,PF,Luiza Jesus,nan,68837281390,nan,luiza.jesus.1057@example.com,5553997079866,True,2022-10-14 23:57:54,2025-05-01 20:38:24
1058,PJ,Marques - ME,Guerra - ME,6234145000133,368205068,marques.me.1058@example.com,55012923552165,True,2020-08-04 09:56:24,2025-01-29 01:05:41
1059,PJ,Vasconcelos Ltda.,Caldeira,71703292000177,469218219,vasconcelos.ltda.1059@example.com,55059967908984,True,2025-11-23 11:03:06,2026-10-19 08:35:54
1060,PJ,Lopes Pinto - EI S.A.,Viana,24671963000185,802205093,lopes.pinto.ei.s.a.1060@example.com,5569948424959,True,2026-11-21 01:11:32,2026-12-15 06:55:17
1061,PF,Ana Luiza Ramos,nan,91414784368,nan,ana.luiza.ramos.1061@example.com,5545978870715,True,2020-06-21 07:03:20,2021-12-08 17:40:34
1062,PF,Isaac Nogueira,nan,9484191991,nan,isaac.nogueira.1062@example.com,5576973820974,True,2024-08-16 02:40:58,2025-10-24 13:50:22
1063,PF,Ana Vitória Pimenta,nan,29737838955,nan,ana.vit.ria.pimenta.1063@example.com,5577998768299,True,2025-10-01 04:06:42,2026-04-12 22:14:27
1064,PF,Sofia Monteiro,nan,52874700452,nan,sofia.monteiro.1064@example.com,55025989370858,True,2026-10-10 06:36:39,2026-12-31 10:10:07
1065,PF,Murilo Ramos,nan,33675803333,nan,murilo.ramos.1065@example.com,55035904056695,True,2023-04-01 20:12:15,2023-05-04 09:02:12
1066,PF,Mirella Nunes,nan,28876305980,nan,mirella.nunes.1066@example.com,5501924825544,True,2025-11-08 04:29:04,2025-12-19 02:08:15
1067,PJ,Moura Gonçalves - ME,nan,49460716000160,963259423,moura.gon.alves.me.1067@example.com,55089946338915,True,2020-06-10 08:36:52,2025-07-30 03:31:29
1068,PF,Eloah da Luz,nan,35942323445,nan,eloah.da.luz.1068@example.com,5552985725629,True,2026-07-22 12:57:18,2026-09-03 04:07:29
1069,PJ,Guerra Pastor S.A.,nan,40203500000145,358951381,guerra.pastor.s.a.1069@example.com,5565950784685,True,2024-08-06 05:36:36,2026-11-12 23:56:43
1070,PF,Lorenzo Sá,nan,42113606399,nan,lorenzo.s.1070@example.com,55044930349189,True,2026-03-09 04:37:40,2026-07-25 12:53:25
1071,PF,Daniel Mendes,nan,35566810993,nan,daniel.mendes.1071@example.com,5572903859340,True,2024-11-19 18:14:04,2025-01-11 07:57:59
1072,PF,Luiz Otávio Costela,nan,88155587304,nan,luiz.ot.vio.costela.1072@example.com,5541954715531,True,2025-09-23 12:35:07,2026-09-09 19:00:52
1073,PJ,Siqueira Cavalcanti Ltda.,Leão Melo e Filhos,26482972000153,813675009,siqueira.cavalcanti.ltda.1073@example.com,5521941052769,True,2024-04-28 09:18:34,2026-10-02 14:14:35
1074,PF,Camila Sampaio,nan,3809658448,nan,camila.sampaio.1074@example.com,5587980927045,True,2025-03-24 10:22:11,2026-11-04 12:57:50
1075,PJ,da Costa Moraes - EI S.A.,Guerra,16615470000108,225866059,da.costa.moraes.ei.s.a.1075@example.com,5567987442275,True,2025-06-25 11:58:12,2025-11-16 15:03:04
1076,PJ,Sousa EIRELI,Nogueira,81571598000170,596559428,sousa.eireli.1076@example.com,55049911650200,True,2026-04-08 09:47:07,2026-07-02 05:13:33
1077,PJ,Cassiano Ltda.,Porto,50370278000129,393132155,cassiano.ltda.1077@example.com,5530955708368,True,2022-10-30 04:24:25,2022-12-09 13:15:47
1078,PJ,Rodrigues Brito Ltda.,da Paz,37285003000129,889669972,rodrigues.brito.ltda.1078@example.com,55036977462025,True,2021-04-21 23:48:52,2025-08-19 04:50:14
1079,PF,Eloah Freitas,nan,68374882441,nan,eloah.freitas.1079@example.com,5531983281231,True,2022-03-05 13:34:45,2025-09-17 11:37:58
1080,PF,Guilherme Pereira,nan,1497223466,nan,guilherme.pereira.1080@example.com,55004991060183,True,2021-12-19 04:51:05,2024-12-07 07:45:00
1081,PF,Julia Mendonça,nan,49512944006,nan,julia.mendon.a.1081@example.com,55038975082768,True,2020-08-31 21:39:08,2020-12-01 17:57:17
1082,PJ,Rios - ME,Viana Cirino Ltda.,45170286000191,775458472,rios.me.1082@example.com,5529905291876,True,2025-07-28 23:58:21,2025-12-10 09:09:12
1083,PF,Isabella Siqueira,nan,37866562822,nan,isabella.siqueira.1083@example.com,5560982717217,True,2022-07-10 23:50:42,2026-08-28 02:12:05
1084,PJ,Costa Macedo e Filhos Ltda,nan,10721766000119,399205222,costa.macedo.e.filhos.ltda.1084@example.com,5599936216591,True,2026-12-03 01:28:14,2026-12-30 05:56:04
1085,PJ,da Costa ME,da Costa Cavalcante Ltda.,41247316000160,539835844,da.costa.me.1085@example.com,5517977326430,True,2025-04-27 16:48:00,2026-08-17 17:49:25
1086,PF,Lívia da Luz,nan,214362663,nan,l.via.da.luz.1086@example.com,5597991279970,True,2026-09-05 06:33:06,2026-09-17 11:00:00
1087,PF,Erick Macedo,nan,36606884799,nan,erick.macedo.1087@example.com,5520953978713,True,2025-01-02 09:47:22,2026-11-04 20:10:17
1088,PJ,Santos Ltda,nan,47855146000182,529883220,santos.ltda.1088@example.com,5525960832004,True,2020-06-04 03:23:35,2026-11-27 08:34:37
1089,PJ,Pereira EIRELI,Moreira,29748227000100,889753585,pereira.eireli.1089@example.com,55038960030443,True,2023-10-08 10:13:20,2026-06-30 18:23:18
1090,PF,Anna Liz Oliveira,nan,37495485795,nan,anna.liz.oliveira.1090@example.com,5551971523910,True,2021-03-31 05:02:10,2022-05-07 05:49:30
1091,PF,Enzo Vasconcelos,nan,10392843960,nan,enzo.vasconcelos.1091@example.com,5550914374830,True,2021-07-05 02:21:58,2021-08-17 02:46:36
1092,PJ,Abreu Oliveira - ME,Barros,38634659000172,397191260,abreu.oliveira.me.1092@example.com,55021932176720,True,2022-07-13 23:38:36,2022-11-15 22:54:50
1093,PF,Caio Camargo,nan,59408087860,nan,caio.camargo.1093@example.com,5566912201907,True,2022-10-25 16:54:49,2026-02-21 18:43:33
1094,PF,Luigi Ribeiro,nan,19531617589,nan,luigi.ribeiro.1094@example.com,5573939304936,True,2021-09-14 07:51:53,2025-07-19 12:50:54
1095,PF,Maitê Costela,nan,57382238105,nan,mait.costela.1095@example.com,5502974812421,True,2022-04-19 09:06:20,2026-12-14 22:23:05
1096,PJ,da Paz S/A Ltda,nan,71669755000121,868250952,da.paz.s.a.ltda.1096@example.com,55094962093556,True,2021-01-03 20:20:16,2021-08-30 20:35:44
1097,PF,Alexandre Cunha,nan,67875883210,nan,alexandre.cunha.1097@example.com,5595929701371,True,2024-05-15 05:35:08,2026-12-29 03:26:11
1098,PJ,da Mota Correia - ME,Novaes,532803000197,585642304,da.mota.correia.me.1098@example.com,5520927061592,False,2023-07-09 18:49:46,2025-08-07 22:38:22
1099,PJ,da Conceição S.A.,da Mota,14322263000121,029907166,da.concei.o.s.a.1099@example.com,5506932248155,True,2023-10-25 11:32:42,2024-01-27 07:55:28
1100,PF,Emanuel Rodrigues,nan,83925984151,nan,emanuel.rodrigues.1100@example.com,5534903010956,True,2024-11-11 00:47:20,2026-04-16 15:42:05
1101,PJ,Nunes S.A.,Freitas,47188536000146,649157955,nunes.s.a.1101@example.com,5562934712476,True,2023-07-23 01:01:22,2025-05-28 07:07:36
1102,PF,Daniel Aparecida,nan,64317967804,nan,daniel.aparecida.1102@example.com,5501981030683,True,2020-08-27 02:26:27,2024-01-12 22:52:07
1103,PJ,Machado - ME,Teixeira,94607067000132,172680808,machado.me.1103@example.com,5557912901507,True,2022-12-17 12:41:50,2026-06-16 16:20:37
1104,PJ,Costa - EI Ltda,Jesus - ME,82072517000150,130735104,costa.ei.ltda.1104@example.com,5584974362130,True,2020-12-12 02:16:33,2022-07-13 10:44:28
1105,PF,Pedro Henrique Cirino,nan,22908767716,nan,pedro.henrique.cirino.1105@example.com,5588957669470,True,2023-09-21 01:47:09,2026-09-15 19:07:05
1106,PF,Dante Novais,nan,7333106560,nan,dante.novais.1106@example.com,5553939627466,True,2022-12-20 17:24:29,2026-09-06 17:32:27
1107,PJ,Cassiano Ltda,nan,16235614000192,159183270,cassiano.ltda.1107@example.com,5504966614590,True,2020-08-06 19:00:26,2022-05-19 10:42:11
1108,PF,Danilo Aragão,nan,91784372960,nan,danilo.arag.o.1108@example.com,55097971400493,True,2025-02-24 09:48:41,2026-08-18 19:24:36
1109,PJ,Silva - EI S.A.,Oliveira,47002394000180,053152049,silva.ei.s.a.1109@example.com,5580994976987,True,2022-10-08 07:31:37,2023-02-21 09:11:43
1110,PF,Heloisa Ramos,nan,74677527504,nan,heloisa.ramos.1110@example.com,5537997166984,True,2022-08-18 18:54:03,2025-02-24 18:11:05
1111,PF,Noah Garcia,nan,73070662030,nan,noah.garcia.1111@example.com,5523974077943,True,2026-07-19 03:08:32,2026-10-30 18:38:09
1112,PF,Erick Teixeira,nan,75513210983,nan,erick.teixeira.1112@example.com,5562938994991,True,2020-09-10 09:15:33,2025-01-24 07:09:09
1113,PF,Melissa Albuquerque,nan,55094818970,nan,melissa.albuquerque.1113@example.com,5542962037087,True,2025-06-25 06:01:58,2026-09-07 11:49:08
1114,PF,Eloá Caldeira,nan,11904094961,nan,elo.caldeira.1114@example.com,5560920418135,True,2024-06-17 04:06:44,2024-12-31 12:12:24
1115,PF,Sophie Peixoto,nan,61531387306,nan,sophie.peixoto.1115@example.com,5597921170889,True,2024-01-13 06:38:50,2024-10-20 02:46:42
1116,PF,Thomas Alves,nan,75163536800,nan,thomas.alves.1116@example.com,5586944822175,True,2022-12-17 20:35:31,2026-04-30 23:46:22
1117,PF,Sophie Sousa,nan,57046565791,nan,sophie.sousa.1117@example.com,5597985708200,False,2024-04-05 01:58:39,2024-12-28 20:03:09
1118,PF,Vitor Hugo Aparecida,nan,1899045856,nan,vitor.hugo.aparecida.1118@example.com,5575971236914,True,2021-09-10 18:40:46,2021-10-07 08:43:11
1119,PJ,Borges EIRELI,Castro - EI,6043572000134,794296882,borges.eireli.1119@example.com,55069970409531,True,2023-07-26 10:10:09,2026-01-14 23:57:24
1120,PF,Caio Vieira,nan,91180174950,nan,caio.vieira.1120@example.com,5561956078327,True,2021-11-04 13:48:59,2025-07-24 12:27:43
1121,PJ,Rocha ME,nan,96690903000110,883565179,rocha.me.1121@example.com,5524909649668,True,2023-08-08 09:22:07,2024-08-15 00:27:29
1122,PF,João Pimenta,nan,47329833240,nan,jo.o.pimenta.1122@example.com,5504978421702,True,2021-05-02 05:28:35,2024-03-28 00:39:44
1123,PF,Maitê Caldeira,nan,24460606178,nan,mait.caldeira.1123@example.com,5522959364882,True,2021-02-04 01:52:59,2025-10-14 11:31:54
1124,PF,Theodoro Oliveira,nan,43852105439,nan,theodoro.oliveira.1124@example.com,5548968839062,True,2024-06-25 20:27:54,2026-11-24 06:45:31
1125,PJ,Gonçalves Ltda,Cassiano,61576062000130,879916091,gon.alves.ltda.1125@example.com,5541931935923,True,2021-01-24 19:09:53,2025-03-31 02:46:44
1126,PJ,Caldeira S.A.,nan,15733617000193,337605230,caldeira.s.a.1126@example.com,5558981650254,True,2026-10-20 16:59:48,2026-12-14 06:42:39
1127,PF,Thales Casa Grande,nan,90298021200,nan,thales.casa.grande.1127@example.com,5519916503440,True,2020-03-04 09:02:25,2022-11-14 03:31:15
1128,PJ,Guerra S.A.,nan,4179566000183,177182498,guerra.s.a.1128@example.com,5580988067821,True,2024-02-25 03:58:22,2026-06-26 04:17:49
1129,PF,Bruno Macedo,nan,8714195488,nan,bruno.macedo.1129@example.com,5568913592664,True,2022-06-13 08:41:22,2022-10-16 19:36:24
1130,PJ,Pimenta S.A.,Sampaio Pacheco - ME,7173547000138,987486941,pimenta.s.a.1130@example.com,5559945011929,True,2025-12-26 12:15:36,2026-12-19 13:07:42
1131,PF,Emilly Araújo,nan,68181768876,nan,nan,55053960511716,True,2023-11-02 04:29:02,2025-11-01 17:33:22
1132,PF,Ana Liz da Conceição,nan,89452320796,nan,ana.liz.da.concei.o.1132@example.com,5588963653621,True,2021-08-24 23:34:40,2021-12-06 19:46:33
1133,PF,Joana Duarte,nan,51246330261,nan,joana.duarte.1133@example.com,5590967000994,True,2026-06-25 08:22:56,2026-12-02 04:51:38
1134,PF,Kaique Moura,nan,51244784389,nan,kaique.moura.1134@example.com,5542904664896,True,2023-12-14 14:56:28,2026-10-23 21:32:12
1135,PJ,Monteiro S.A.,Aragão,28045652000161,564204565,monteiro.s.a.1135@example.com,55075980974533,True,2021-09-10 06:53:45,2026-03-01 17:45:09
1136,PF,Ana Lima,nan,18992068506,nan,ana.lima.1136@example.com,55035946622654,True,2023-09-17 13:21:11,2026-07-28 05:27:03
1137,PF,Cauê Gonçalves,nan,92356138331,nan,cau.gon.alves.1137@example.com,5599953006221,True,2020-09-12 07:14:48,2024-01-20 01:15:21
1138,PJ,Cassiano da Rocha S.A.,Lima,73747694000107,774625916,cassiano.da.rocha.s.a.1138@example.com,5511924115848,True,2020-07-08 06:08:46,2021-09-26 08:13:51
1139,PJ,Araújo ME,Teixeira - EI,28943237000125,017986778,ara.jo.me.1139@example.com,55031929957047,True,2025-11-08 20:41:38,2026-09-08 04:18:12
1140,PJ,Silva Jesus Ltda.,Porto Lima S/A,23640452000133,212038437,silva.jesus.ltda.1140@example.com,5536959680785,True,2022-04-22 08:04:10,2025-01-25 09:34:46
1141,PF,Eloá Freitas,nan,31503770800,nan,elo.freitas.1141@example.com,5582942183854,True,2025-10-27 03:31:52,2026-07-25 17:11:05
1142,PJ,Sá ME,Aragão,12790414000140,064454752,s.me.1142@example.com,5511923274897,True,2026-02-16 20:30:10,2026-12-01 22:18:21
1143,PF,Antonella Machado,nan,82718858559,nan,antonella.machado.1143@example.com,55063934272038,False,2024-01-26 12:39:22,2026-11-20 20:23:39
1144,PF,Maria Helena Rodrigues,nan,56927415203,nan,maria.helena.rodrigues.1144@example.com,55017950801963,True,2022-10-16 11:05:04,2022-12-26 02:36:24
1145,PF,José Miguel Farias,nan,10882545787,nan,jos.miguel.farias.1145@example.com,5506993588249,True,2026-08-29 23:51:34,2026-11-21 07:36:27
1146,PF,Lucas da Conceição,nan,50876389027,nan,lucas.da.concei.o.1146@example.com,5500918167784,True,2025-06-12 11:39:24,2025-07-08 15:18:49
1147,PF,Ana Lívia Lima,nan,76073155948,nan,ana.l.via.lima.1147@example.com,5524944544608,True,2022-01-01 12:28:18,2023-09-25 08:30:39
1148,PF,Vitor Fonseca,nan,4181646904,nan,vitor.fonseca.1148@example.com,5579993781053,True,2021-07-08 22:00:14,2024-10-30 23:16:44
1149,PF,Camila Casa Grande,nan,17795926550,nan,camila.casa.grande.1149@example.com,5578984869996,True,2023-05-23 03:32:19,2026-04-14 08:33:14
1150,PJ,TeixeiraSales - EI Ltda,das Neves Ltda.,52269552000101,792714724,teixeira.sales.ei.ltda.1150@example.com,5530919864242,True,2022-08-29 20:05:13,2023-03-31 06:12:33
1151,PF,Henry Gabriel Pastor,nan,51440043779,nan,henry.gabriel.pastor.1151@example.com,55028933912187,True,2021-06-10 12:17:50,2024-05-31 00:22:44
1152,PF,Matteo Castro,nan,28339320653,nan,matteo.castro.1152@example.com,5532988098322,True,2025-02-26 05:49:40,2025-09-03 09:16:21
1153,PF,Augusto Camargo,nan,13202396412,nan,augusto.camargo.1153@example.com,5523920018676,True,2023-12-20 09:40:27,2025-03-22 23:49:26
1154,PF,Bruna Aparecida,nan,27776962252,nan,bruna.aparecida.1154@example.com,5589987610814,True,2023-02-20 01:37:12,2024-12-10 20:55:55
1155,PJ,Freitas Gomes S/A ME,nan,38717118000108,403845319,freitas.gomes.s.a.me.1155@example.com,5507946823546,True,2021-07-02 18:03:27,2021-09-03 17:41:51
1156,PF,Luara Rocha,nan,42308512784,nan,luara.rocha.1156@example.com,5500930762054,True,2020-04-30 04:59:18,2026-03-07 17:12:09
1157,PF,Dr. Pedro Lucas Barbosa,nan,96628054861,nan,dr.pedro.lucas.barbosa.1157@example.com,5500966664110,True,2026-05-22 20:29:44,2026-11-25 21:09:06
1158,PF,Maria Júlia Freitas,nan,19036160340,nan,maria.j.lia.freitas.1158@example.com,5511934078516,True,2024-09-08 23:25:58,2025-05-15 02:42:25
1159,PF,Juliana Vargas,nan,67665931995,nan,juliana.vargas.1159@example.com,5570989058366,True,2024-08-03 16:38:03,2025-08-18 11:27:31
1160,PJ,da Rocha Novaes S.A.,Nascimento,90617091000100,999626970,da.rocha.novaes.s.a.1160@example.com,5538968889178,True,2022-11-13 08:51:22,2026-02-02 22:43:11
1161,PF,Raquel Viana,nan,17160295200,nan,raquel.viana.1161@example.com,5515905962571,True,2024-09-16 05:37:56,2025-11-21 14:36:03
1162,PF,Mirella Garcia,nan,46091753983,nan,mirella.garcia.1162@example.com,5593920126578,True,2024-12-06 19:09:20,2025-02-20 10:45:33
1163,PJ,Garcia Albuquerque Ltda.,Novaes S/A,85615314000151,952175585,garcia.albuquerque.ltda.1163@example.com,5577974127469,True,2022-09-27 07:15:10,2023-11-02 23:08:06
1164,PJ,Viana Barbosa S/A Ltda,da Mota Borges - EI,60500461000155,962642229,viana.barbosa.s.a.ltda.1164@example.com,55058991704542,True,2020-02-29 06:25:23,2024-05-15 03:40:08
1165,PF,Yuri Ferreira,nan,88365386496,nan,yuri.ferreira.1165@example.com,5557905682092,True,2023-08-02 01:09:40,2024-07-22 11:11:22
1166,PF,Luiz Otávio Monteiro,nan,73520291258,nan,luiz.ot.vio.monteiro.1166@example.com,5590901635640,True,2023-12-05 15:18:59,2026-10-05 02:20:15
1167,PF,Eloá Cunha,nan,55708489758,nan,elo.cunha.1167@example.com,55047928289540,True,2020-03-19 21:44:12,2022-04-08 17:44:52
1168,PJ,Borges - ME,nan,85801629000193,882247312,borges.me.1168@example.com,5516985071058,True,2023-07-16 11:56:16,2025-05-04 07:49:00
1169,PF,Ana Liz Borges,nan,36702177119,nan,ana.liz.borges.1169@example.com,5595909271152,True,2025-03-14 07:20:48,2025-07-18 10:32:33
1170,PF,Anna Liz Souza,nan,52406317510,nan,anna.liz.souza.1170@example.com,5553970923007,True,2025-05-18 06:29:56,2026-03-10 03:25:53
1171,PF,Pedro Pastor,nan,48570677650,nan,pedro.pastor.1171@example.com,5500974189485,False,2026-08-23 09:04:19,2026-09-13 08:16:55
1172,PF,Sra. Heloísa Ramos,nan,73693081468,nan,sra.helo.sa.ramos.1172@example.com,55098976989365,True,2024-12-26 05:44:58,2026-11-07 18:35:44
1173,PJ,Peixoto da Cunha Ltda.,Vargas,73495062000195,161982734,peixoto.da.cunha.ltda.1173@example.com,5513910450258,True,2022-05-29 15:56:48,2026-10-14 17:57:48
1174,PJ,Câmara Ltda,Azevedo Martins Ltda.,24966211000141,357483526,c.mara.ltda.1174@example.com,5506948606739,True,2023-07-14 05:22:58,2023-07-24 19:14:19
1175,PF,Hellena Silva,nan,20566969670,nan,hellena.silva.1175@example.com,5548983842536,True,2020-09-30 10:29:34,2026-07-10 20:13:31
1176,PF,Letícia Guerra,nan,50028279000,nan,let.cia.guerra.1176@example.com,55080955077406,True,2020-07-22 16:27:18,2026-02-08 16:05:47
1177,PF,Dr. Lucas Gabriel Fogaça,nan,29089334203,nan,dr.lucas.gabriel.foga.a.1177@example.com,5556923920908,True,2022-10-11 15:23:59,2024-02-25 02:15:19
1178,PF,Dr. Cauê Aparecida,nan,8033512911,nan,dr.cau.aparecida.1178@example.com,55040991311178,True,2021-05-01 01:45:14,2024-09-12 13:20:13
1179,PJ,Brito Ltda,Casa Grande Ltda.,33558691000100,476022069,brito.ltda.1179@example.com,5535941201227,True,2024-06-29 08:28:06,2025-10-20 02:42:42
1180,PJ,Viana ME,Araújo,57983591000181,026015153,viana.me.1180@example.com,55059947950740,True,2026-01-11 13:16:09,2026-03-02 00:23:34
1181,PJ,Brito EIRELI,Santos,44232828000140,327980595,brito.eireli.1181@example.com,5531900649340,True,2024-04-27 05:53:13,2025-08-22 01:06:28
1182,PF,Dante Abreu,nan,57905543340,nan,dante.abreu.1182@example.com,5552903608941,True,2024-06-30 07:46:31,2025-08-23 23:21:51
1183,PJ,Nogueira Ltda.,Câmara e Filhos,41709525000188,599285535,nogueira.ltda.1183@example.com,5552905610067,False,2025-01-26 03:27:09,2025-08-15 01:03:54
1184,PJ,Ramos S/A Ltda,Oliveira,83065940000196,680186774,ramos.s.a.ltda.1184@example.com,5537984233944,True,2026-08-26 07:07:45,2026-11-26 19:18:01
1185,PJ,Câmara Ltda,Abreu - ME,2247802000126,776255032,c.mara.ltda.1185@example.com,5501973654262,True,2021-12-03 02:34:12,2024-11-09 22:37:46
1186,PF,Cauê Marques,nan,91472191811,nan,cau.marques.1186@example.com,5542990292334,True,2023-02-26 21:17:18,2023-09-18 13:45:47
1187,PF,Sr. Bernardo Albuquerque,nan,63990207199,nan,sr.bernardo.albuquerque.1187@example.com,5590960530886,True,2020-08-04 03:42:06,2026-06-09 23:26:02
1188,PF,Isis da Cruz,nan,24257687770,nan,isis.da.cruz.1188@example.com,5521916673290,True,2021-01-16 08:54:49,2022-03-12 16:19:04
1189,PF,Lucas Gabriel Marques,nan,41622614666,nan,lucas.gabriel.marques.1189@example.com,5598987592129,True,2025-07-09 11:59:54,2026-09-27 23:32:16
1190,PF,Dra. Mariana das Neves,nan,86604245497,nan,dra.mariana.das.neves.1190@example.com,55060933620275,True,2025-04-17 07:01:44,2025-04-17 13:48:46
1191,PJ,Moreira S.A.,Barbosa da Cunha - ME,20142510000100,709207115,moreira.s.a.1191@example.com,55038902362192,True,2025-11-03 15:38:41,2026-12-17 08:47:41
1192,PF,Luiz Gustavo Moura,nan,57474469839,nan,luiz.gustavo.moura.1192@example.com,5589970591611,True,2020-09-28 22:25:48,2025-02-21 04:11:57
1193,PF,Maya Cunha,nan,8337979569,nan,maya.cunha.1193@example.com,5555988195977,True,2021-01-16 07:34:44,2026-06-07 10:44:28
1194,PF,Calebe Garcia,nan,36657524501,nan,calebe.garcia.1194@example.com,5580905378931,True,2023-02-02 22:30:33,2024-07-23 08:43:15
1195,PJ,Pereira S.A.,nan,62362813000189,289728454,pereira.s.a.1195@example.com,5518922720028,True,2022-08-02 21:58:40,2025-05-07 06:20:53
1196,PF,Juan Nascimento,nan,64865786708,nan,juan.nascimento.1196@example.com,55032920414474,True,2020-07-27 03:39:26,2021-07-07 00:51:25
1197,PF,Hadassa Siqueira,nan,76555415665,nan,hadassa.siqueira.1197@example.com,55081916599302,True,2022-06-01 18:58:04,2024-11-08 16:02:39
1198,PF,Dra. Alice Cardoso,nan,47069667957,nan,dra.alice.cardoso.1198@example.com,5530942322775,True,2026-10-16 22:37:15,2026-10-29 00:56:59
1199,PF,Cauã da Cruz,nan,41503683338,nan,cau.da.cruz.1199@example.com,5530928165064,True,2025-12-07 22:20:35,2026-02-16 08:50:32
1200,PF,Fernanda Abreu,nan,65176915456,nan,fernanda.abreu.1200@example.com,5559937775691,True,2023-05-19 05:04:13,2026-04-15 15:14:59
1201,PF,Zoe Câmara,nan,34684282864,nan,zoe.c.mara.1201@example.com,55010929161746,True,2022-07-15 05:02:35,2026-08-12 03:53:41
1202,PJ,Castro - EI Ltda,nan,6773564000143,831043841,castro.ei.ltda.1202@example.com,5566922913167,True,2020-04-09 13:30:18,2025-10-31 11:43:05
1203,PJ,Montenegro S/A Ltda,Guerra,5896128000107,856670636,montenegro.s.a.ltda.1203@example.com,55019986550494,True,2021-04-26 11:41:55,2026-09-14 09:57:06
1204,PJ,da Rosa ME,Macedo - ME,223222000173,634933965,da.rosa.me.1204@example.com,5549962732262,True,2022-06-13 21:09:51,2026-11-11 17:27:56
1205,PF,Bárbara Borges,nan,15788488494,nan,b.rbara.borges.1205@example.com,5524936258542,False,2024-11-16 02:20:52,2026-05-03 04:59:53
1206,PF,Théo Moraes,nan,691951616,nan,th.o.moraes.1206@example.com,5587999196234,True,2023-08-18 15:18:18,2026-10-17 07:54:34
1207,PF,Srta. Maria Helena da Luz,nan,32022731832,nan,nan,5538953247250,True,2025-05-06 11:24:38,2025-10-22 23:23:38
1208,PF,Sr. Henry Gabriel da Cruz,nan,38991310451,nan,sr.henry.gabriel.da.cruz.1208@example.com,5530931158760,False,2023-09-21 22:13:55,2026-04-10 01:28:48
1209,PJ,Silveira EIRELI,Freitas,61593422000102,769475769,silveira.eireli.1209@example.com,5553953659746,True,2020-11-13 00:20:43,2024-05-31 19:53:48
1210,PF,Sarah Garcia,nan,20199434689,nan,sarah.garcia.1210@example.com,5563492125450,True,2021-01-25 02:12:25,2024-08-22 17:13:46
1211,PF,Alexia Oliveira,nan,12539912516,nan,alexia.oliveira.1211@example.com,5594981526925,True,2023-06-13 13:28:57,2024-08-28 18:43:26
1212,PJ,Oliveira ME,Gonçalves,90789959000140,472130742,oliveira.me.1212@example.com,5559914261404,True,2024-01-19 19:04:47,2026-09-17 09:20:46
1213,PF,Ísis Pacheco,nan,57238037432,nan,sis.pacheco.1213@example.com,5532961454307,True,2020-01-23 10:21:16,2024-08-27 23:02:46
1214,PJ,Câmara EIRELI,nan,33995777000192,731008178,c.mara.eireli.1214@example.com,5522911587184,True,2026-02-09 07:18:45,2026-04-14 18:49:35
1215,PF,Sr. Gustavo Henrique Fonseca,nan,25753120784,nan,sr.gustavo.henrique.fonseca.1215@example.com,5526987447017,True,2022-08-28 12:27:14,2026-04-05 16:22:35
1216,PJ,Ramos Castro e Filhos EIRELI,Sales - EI,50369754000191,652377729,ramos.castro.e.filhos.eireli.1216@example.com,5565963370140,True,2021-01-29 15:18:48,2021-12-15 15:40:52
1217,PF,Ana Clara Teixeira,nan,18201087089,nan,ana.clara.teixeira.1217@example.com,5527981055800,True,2025-12-27 04:33:38,2026-09-14 21:50:28
1218,PF,Dom Mendes,nan,32890632407,nan,dom.mendes.1218@example.com,55021942573160,True,2024-12-30 05:29:04,2025-03-10 03:16:19
1219,PF,Liz da Conceição,nan,16973528120,nan,liz.da.concei.o.1219@example.com,5513968172031,True,2024-02-12 08:53:20,2025-08-20 05:58:02
1220,PJ,Garcia Pinto Ltda.,nan,28433794000104,528620929,garcia.pinto.ltda.1220@example.com,55035925953322,True,2024-12-12 05:59:43,2026-11-10 07:15:22
1221,PF,Pedro Miguel da Conceição,nan,33626492702,nan,pedro.miguel.da.concei.o.1221@example.com,5538999204573,True,2023-10-14 21:56:49,2025-12-22 13:23:41
1222,PF,Sr. Davi Lucca da Conceição,nan,7220415869,nan,sr.davi.lucca.da.concei.o.1222@example.com,5561985076108,True,2026-09-17 01:55:41,2026-12-29 03:08:59
1223,PF,Ana Clara Moraes,nan,87743170241,nan,ana.clara.moraes.1223@example.com,55069971823601,False,2025-02-23 20:52:38,2025-05-19 05:18:36
1224,PF,Samuel Campos,nan,95761257742,nan,samuel.campos.1224@example.com,55061958388217,True,2026-12-30 09:06:40,2026-12-31 17:07:44
1225,PJ,Santos S.A.,Nascimento,5705171000130,467357422,santos.s.a.1225@example.com,5532922801944,True,2024-03-18 22:16:53,2025-05-01 21:00:21
1226,PF,Luiz Felipe Novais,nan,78268629576,nan,luiz.felipe.novais.1226@example.com,5522925606295,True,2026-07-01 15:59:56,2026-11-03 20:15:54
1227,PF,Marcelo Rezende,nan,10595506100,nan,marcelo.rezende.1227@example.com,5563973118046,True,2023-06-02 02:27:53,2023-08-20 20:54:45
1228,PF,Rebeca da Mota,nan,56854049300,nan,rebeca.da.mota.1228@example.com,5530975384185,True,2023-02-11 19:52:44,2023-05-29 05:11:27
1229,PF,Anthony Gabriel Ribeiro,nan,20091365198,nan,anthony.gabriel.ribeiro.1229@example.com,5536926084639,True,2022-07-22 08:33:09,2023-12-08 09:33:39
1230,PJ,Ribeiro S.A.,nan,86055113000100,561547055,ribeiro.s.a.1230@example.com,5591921516411,True,2021-04-12 01:05:52,2024-12-20 17:35:03
1231,PJ,Farias ME,da Mata,62781896000140,091969395,farias.me.1231@example.com,55087952070204,True,2024-06-10 16:29:58,2025-01-22 06:42:08
1232,PJ,Lopes Castro e Filhos ME,nan,93354274000160,019712124,lopes.castro.e.filhos.me.1232@example.com,5539936967897,True,2025-07-11 23:09:45,2026-02-16 15:05:26
1233,PF,Ana Carolina Nunes,nan,41144965802,nan,fulano@example.com,5573912677319,True,2020-07-23 04:11:07,2026-04-11 21:08:48
1234,PJ,Cardoso Macedo e Filhos S.A.,Rocha,18314406000104,075988978,cardoso.macedo.e.filhos.s.a.1234@example.com,5553939431916,True,2020-03-28 22:50:17,2026-02-23 12:59:42
1235,PJ,das Neves Ltda,nan,7159030000194,308952312,das.neves.ltda.1235@example.com,5521991505764,True,2022-09-14 20:53:59,2023-10-10 01:14:02
1236,PF,Rafael da Paz,nan,39843418069,nan,rafael.da.paz.1236@example.com,55000902687644,True,2026-08-02 16:23:12,2026-08-09 03:14:51
1237,PF,Maya  Monteiro,nan,33915774790,nan,maya.monteiro.1237@example.com,5549979741636,True,2021-03-09 16:44:52,2026-07-19 10:36:38
1238,PJ,Lima ME,da Cunha Ltda.,93118304000139,006355373,lima.me.1238@example.com,5596949692771,True,2022-08-10 20:39:44,2026-09-25 22:03:17
1239,PJ,Porto - EI EIRELI,nan,78833284000194,529635305,porto.ei.eireli.1239@example.com,5570925512827,False,2022-03-25 05:50:32,2026-07-01 21:16:30
1240,PF,Gabrielly Lima,nan,55999174368,nan,gabrielly.lima.1240@example.com,5531959489895,True,2026-10-06 17:39:04,2026-10-25 05:44:59
1241,PF,Maria Júlia Ferreira,nan,19323962171,nan,maria.j.lia.ferreira.1241@example.com,5566934544344,True,2026-01-15 20:41:59,2026-08-09 09:54:26
1242,PF,Leandro Pimenta,nan,83524342256,nan,leandro.pimenta.1242@example.com,5569999393449,True,2021-03-22 22:36:29,2023-10-29 23:01:05
1243,PJ,da Paz ME,Oliveira da Mata - ME,11322188000100,408822309,da.paz.me.1243@example.com,5586929739889,True,2026-03-04 23:24:48,2026-08-20 06:18:31
1244,PF,Carlos Eduardo da Cruz,nan,36644297455,nan,carlos.eduardo.da.cruz.1244@example.com,55010997202170,True,2022-12-28 03:37:24,2023-11-19 08:36:17
1245,PJ,Duarte EIRELI,nan,27483880000150,485346557,duarte.eireli.1245@example.com,5522903004496,True,2026-01-12 09:01:45,2026-10-02 15:00:29
1246,PJ,Garcia EIRELI,nan,1637856000135,129390025,garcia.eireli.1246@example.com,5521937565896,True,2025-01-25 16:46:25,2025-06-05 23:43:55
1247,PJ,Farias Pacheco Ltda.,Abreu,8471760000199,861993145,farias.pacheco.ltda.1247@example.com,5543945663113,True,2026-10-06 18:41:46,2026-12-29 22:42:42
1248,PJ,Aragão ME,da Rocha Cirino S.A.,93390803000180,622033474,arag.o.me.1248@example.com,55046931043796,True,2026-12-07 14:11:45,2026-12-13 12:58:13
1249,PF,Maria Laura Viana,nan,69085520630,nan,maria.laura.viana.1249@example.com,5500985294690,True,2021-10-18 03:08:55,2025-12-03 23:24:25
1250,PF,Caio Ramos,nan,41630350443,nan,caio.ramos.1250@example.com,55074917430435,True,2023-04-01 14:26:59,2024-09-03 20:55:56
1251,PJ,Cassiano S.A.,Aragão,62050709000159,228946652,cassiano.s.a.1251@example.com,55052933282930,True,2026-06-05 07:10:30,2026-12-08 02:04:00
1252,PF,Antony Carvalho,nan,50150932251,nan,antony.carvalho.1252@example.com,5569913303033,True,2022-07-10 06:26:21,2025-10-31 19:50:16
1253,PF,Nicolas Martins,nan,9614453940,nan,nicolas.martins.1253@example.com,55011967507627,True,2020-03-07 13:39:13,2026-02-03 04:02:15
1254,PJ,Sá ME,da Cruz,67765355000142,024530123,s.me.1254@example.com,5584972303420,True,2023-12-21 04:30:57,2024-07-23 03:18:06
1255,PF,Vitor Hugo da Rocha,nan,42512321606,nan,vitor.hugo.da.rocha.1255@example.com,55019901722240,True,2025-02-25 04:49:18,2026-12-30 23:51:00
1256,PJ,Araújo ME,Silveira,12542018000102,648717754,ara.jo.me.1256@example.com,5519992406583,True,2023-06-20 09:09:11,2023-12-17 16:44:15
1257,PJ,Cassiano Ltda,Pires,93599781000163,258122590,cassiano.ltda.1257@example.com,5556968448237,True,2023-07-08 09:47:30,2026-09-12 19:01:38
1258,PJ,Pires Correia - ME,nan,64952526000154,912121101,pires.correia.me.1258@example.com,5578903586901,True,2024-07-06 07:47:20,2025-10-10 09:27:54
1259,PJ,Aragão EIRELI,da Rocha,15078325000164,039251999,arag.o.eireli.1259@example.com,5552995171222,True,2025-02-26 01:07:43,2025-07-31 21:11:30
1260,PF,Maria Julia Souza,nan,80058953132,nan,maria.julia.souza.1260@example.com,5533987220542,True,2023-08-19 05:44:34,2024-12-20 22:53:14
1261,PF,Daniel Garcia,nan,7598360278,nan,daniel.garcia.1261@example.com,55065949633083,True,2026-01-15 17:49:58,2026-08-17 21:09:50
1262,PF,João Vitor da Rocha,nan,49808636470,nan,jo.o.vitor.da.rocha.1262@example.com,5570948878995,True,2024-05-04 08:55:41,2026-06-15 13:14:44
1263,PJ,da Mata - ME,nan,94900494000104,020596851,da.mata.me.1263@example.com,5553977492663,True,2020-05-25 03:09:00,2024-11-17 23:42:21
1264,PJ,Peixoto Sousa Ltda.,da Conceição,90260687000197,427775225,peixoto.sousa.ltda.1264@example.com,5520961658129,True,2020-07-10 12:59:54,2024-09-26 04:18:41
1265,PF,Arthur Rezende,nan,95218475491,nan,arthur.rezende.1265@example.com,5592929411563,True,2022-03-06 11:15:01,2026-04-17 00:28:09
1266,PF,Dom Pastor,nan,11059347300,nan,dom.pastor.1266@example.com,5559963637262,True,2022-04-21 01:22:46,2025-06-26 23:30:52
1267,PF,LAÍS RIOS,nan,83336666716,nan,la.s.rios.1267@example.com,55006961549808,True,2024-07-22 12:16:54,2025-12-16 13:09:10
1268,PJ,Brito ME,Costela Silveira S/A,13879006000122,380049832,brito.me.1268@example.com,5512921215481,True,2022-12-15 21:59:46,2025-10-13 10:58:59
1269,PF,Sra. Zoe Cassiano,nan,48528659143,nan,sra.zoe.cassiano.1269@example.com,5586987640191,True,2022-06-04 04:46:06,2025-07-01 14:55:07
1270,PF,Lunna da Luz,nan,79521135182,nan,lunna.da.luz.1270@example.com,5580964420062,True,2026-02-17 01:20:40,2026-09-03 06:23:40
1271,PJ,Macedo ME,da Cruz,33121332000183,585664641,macedo.me.1271@example.com,5562934219262,True,2023-05-14 09:14:39,2024-08-15 15:50:24
1272,PF,Breno Correia,nan,90924504480,nan,breno.correia.1272@example.com,55004910429483,True,2021-06-16 00:34:52,2026-09-06 05:51:21
1273,PF,João Miguel Siqueira,nan,61611783119,nan,jo.o.miguel.siqueira.1273@example.com,55089911797269,True,2022-08-13 02:15:06,2025-03-02 03:30:31
1274,PF,Lara Oliveira,nan,69894802540,nan,lara.oliveira.1274@example.com,5512983180036,True,2024-07-08 22:11:52,2024-12-19 06:17:25
1275,PF,Maria Luísa Almeida,nan,6335893223,nan,maria.lu.sa.almeida.1275@example.com,55000905328538,False,2020-06-28 20:49:18,2023-10-08 08:08:02
1276,PJ,Correia ME,Abreu Ltda.,54616664000109,052438380,correia.me.1276@example.com,5582969299007,True,2022-05-23 18:42:31,2025-03-19 00:03:57
1277,PJ,Nascimento Ltda,Castro,98676869000155,763328389,nascimento.ltda.1277@example.com,5533976185186,True,2021-01-10 06:41:02,2024-01-06 09:12:33
1278,PF,Miguel Marques,nan,76725388965,nan,miguel.marques.1278@example.com,5536984101328,False,2021-03-15 23:58:14,2022-05-21 17:51:21
1279,PF,Guilherme Câmara,nan,3541952636,nan,guilherme.c.mara.1279@example.com,5521988352791,True,2025-09-28 00:13:06,2026-06-20 09:09:49
1280,PJ,Duarte S.A.,Guerra - ME,98295356000102,761065920,duarte.s.a.1280@example.com,5581943192797,True,2023-08-04 14:44:37,2024-03-18 12:34:54
1281,PJ,Camargo EIRELI,Montenegro,69384278000106,159698384,camargo.eireli.1281@example.com,5572902665686,True,2026-01-29 11:11:19,2026-06-28 04:05:53
1282,PF,Luiz Gustavo Oliveira,nan,59096627407,nan,luiz.gustavo.oliveira.1282@example.com,5525973498992,True,2021-01-20 04:56:52,2022-07-26 06:04:02
1283,PF,Dr. Henry Gabriel Pereira,nan,17895832760,nan,dr.henry.gabriel.pereira.1283@example.com,5560974299074,True,2020-03-15 18:23:39,2025-02-12 23:14:37
1284,PJ,Casa Grande S.A.,Lima,61047259000182,941799670,casa.grande.s.a.1284@example.com,5508997474859,True,2025-09-06 02:27:03,2026-08-20 06:45:38
1285,PJ,Guerra S.A.,Barbosa,53499269000120,839841673,guerra.s.a.1285@example.com,5578953698816,True,2024-09-09 15:02:32,2025-11-11 12:39:01
1286,PF,Vitor Alves,nan,98879628801,nan,vitor.alves.1286@example.com,5545909286052,True,2025-01-01 03:33:38,2025-03-04 20:44:39
1287,PJ,Andrade S.A.,Carvalho,88739576000116,706648900,andrade.s.a.1287@example.com,5524984581308,True,2023-07-24 20:21:14,2023-08-31 21:06:37
1288,PF,Esther Rios,nan,60602506298,nan,esther.rios.1288@example.com,nan,False,2022-05-08 02:41:04,2024-10-22 22:59:49
1289,PJ,Novaes Ltda.,da Costa,63359686000121,027500030,novaes.ltda.1289@example.com,5566919953056,True,2020-12-28 19:05:17,2024-09-16 23:09:32
1290,PF,Calebe Novais,nan,80387158103,nan,calebe.novais.1290@example.com,5593978467908,True,2020-04-25 06:00:33,2024-11-13 15:59:36
1291,PF,Allana Rezende,nan,90748192735,nan,allana.rezende.1291@example.com,5587926001365,True,2026-01-24 23:52:20,2026-09-06 22:44:50
1292,PJ,Aragão S.A.,da Rocha,83247686000147,442990674,arag.o.s.a.1292@example.com,5568965240622,True,2022-11-15 09:20:06,2023-03-21 20:08:07
1293,PJ,Duarte Ltda.,Mendes,50302909000172,256222190,duarte.ltda.1293@example.com,5533947047476,True,2026-10-11 08:03:06,2026-12-02 14:53:35
1294,PF,Vitor Hugo da Paz,nan,89787856116,nan,vitor.hugo.da.paz.1294@example.com,5559939652138,True,2024-01-25 15:46:25,2024-04-17 08:29:56
1295,PF,Levi Abreu,nan,40008985235,nan,levi.abreu.1295@example.com,55012945531290,True,2022-10-10 05:23:49,2024-12-15 21:17:55
1296,PJ,Sousa S.A.,nan,24148261000111,622117327,sousa.s.a.1296@example.com,55026948839585,True,2023-10-15 09:29:40,2025-10-09 00:02:10
1297,PF,Dra. Luna Novaes,nan,8316846748,nan,dra.luna.novaes.1297@example.com,5522994252516,True,2024-10-20 17:07:35,2026-01-15 18:05:38
1298,PF,Theodoro Duarte,nan,37990388090,nan,theodoro.duarte.1298@example.com,55059917105080,True,2023-03-23 02:25:32,2024-11-29 17:28:54
1299,PJ,das Neves S.A.,nan,77224851000142,914774473,das.neves.s.a.1299@example.com,5535924784171,True,2025-11-25 11:13:16,2026-11-06 18:43:39
1300,PF,Dr. Raul Costa,nan,67462069121,nan,dr.raul.costa.1300@example.com,5549930537880,True,2020-02-02 09:20:30,2026-08-12 08:55:02
1301,PJ,Correia Campos - EI S.A.,nan,77393395000164,361133892,correia.campos.ei.s.a.1301@example.com,5508978828152,True,2023-10-09 09:11:53,2024-03-23 12:27:50
1302,PJ,Nogueira S.A.,Costa,49755434000190,048625152,nogueira.s.a.1302@example.com,5574965353780,True,2022-05-18 03:35:23,2025-11-20 14:42:06
1303,PJ,Moraes - EI ME,Fogaça - ME,13040103000127,734467177,moraes.ei.me.1303@example.com,5529969143362,True,2024-02-05 06:29:51,2024-11-03 20:47:20
1304,PJ,Garcia Ltda,da Luz,28566049000125,509999001,garcia.ltda.1304@example.com,5589985739083,True,2022-03-31 11:51:11,2022-08-26 15:04:09
1305,PF,Manuela Castro,nan,12230764314,nan,manuela.castro.1305@example.com,5518996844246,True,2026-12-24 19:32:47,2026-12-31 02:50:02
1306,PF,Théo Vasconcelos,nan,1215616821,nan,th.o.vasconcelos.1306@example.com,5549997957285,True,2021-05-23 01:45:32,2026-09-27 16:02:36
1307,PJ,Farias S.A.,nan,98083997000195,958281902,farias.s.a.1307@example.com,55017997891248,True,2023-05-26 12:16:41,2026-01-21 07:27:31
1308,PJ,Porto Pereira - ME,Martins S/A,21918626000151,598445143,porto.pereira.me.1308@example.com,5572986811230,False,2023-11-26 04:29:20,2026-03-08 13:54:22
1309,PF,Vinícius Montenegro,nan,83539320164,nan,vin.cius.montenegro.1309@example.com,5568911939781,True,2023-08-26 18:30:40,2025-02-09 22:58:45
1310,PJ,Fernandes EIRELI,nan,8754793000146,900992177,fernandes.eireli.1310@example.com,5505952866933,False,2021-10-05 02:29:29,2022-10-09 18:50:48
1311,PF,Sr. Levi Souza,nan,9011360931,nan,sr.levi.souza.1311@example.com,5580970532601,True,2023-12-17 03:24:50,2026-07-04 17:55:01
1312,PJ,Oliveira S.A.,Albuquerque S.A.,28322432000138,829742551,oliveira.s.a.1312@example.com,5560990858181,True,2024-02-11 13:22:04,2024-06-13 07:12:20
1313,PF,João Miguel Duarte,nan,29946418878,nan,jo.o.miguel.duarte.1313@example.com,5524937361587,True,2025-04-03 21:17:32,2025-11-10 23:37:16
1314,PF,Mateus Sá,nan,47838067804,nan,mateus.s.1314@example.com,5527913589693,True,2026-06-05 07:01:30,2026-06-11 15:45:35
1315,PJ,Fogaça da Costa - EI EIRELI,nan,20216969000101,005856154,foga.a.da.costa.ei.eireli.1315@example.com,55031956639792,True,2023-03-23 05:06:24,2024-04-11 22:21:26
1316,PJ,Ferreira Ltda,Brito - ME,22481881000142,436902837,ferreira.ltda.1316@example.com,55027902896660,True,2021-05-10 06:34:26,2024-09-12 19:04:59
1317,PF,Sr. Juan Cavalcanti,nan,38316592304,nan,sr.juan.cavalcanti.1317@example.com,5516944161019,True,2020-03-29 07:06:29,2021-10-14 13:47:16
1318,PF,Sra. Luna Porto,nan,18390000318,nan,sra.luna.porto.1318@example.com,5558946405103,True,2020-08-03 10:16:55,2021-09-03 18:17:07
1319,PJ,Carvalho - ME,Albuquerque da Luz S.A.,11083716000116,763628144,carvalho.me.1319@example.com,5571989395309,True,2025-06-11 02:28:15,2026-03-25 00:07:32
1320,PF,Ana Clara Leão,nan,2381522514,nan,ana.clara.le.o.1320@example.com,55064990922884,True,2021-06-20 14:59:14,2023-02-04 11:29:15
1321,PF,Sophia Marques,nan,22934009564,nan,sophia.marques.1321@example.com,5555913587271,True,2024-08-29 13:27:44,2025-05-08 20:41:50
1322,PJ,da Mata S.A.,Almeida Ramos - ME,780815000130,881164034,da.mata.s.a.1322@example.com,5598981873877,True,2025-06-22 22:57:12,2026-09-08 05:48:13
1323,PJ,Moraes Ltda,nan,82563080000158,333647704,moraes.ltda.1323@example.com,5530990915386,True,2026-01-17 03:34:59,2026-12-13 12:56:50
1324,PF,Francisco Nogueira,nan,8815768750,nan,francisco.nogueira.1324@example.com,55062954204123,True,2023-12-11 13:39:57,2024-11-22 09:51:21
1325,PF,Arthur Gabriel Silveira,nan,49421267621,nan,arthur.gabriel.silveira.1325@example.com,5577920441007,True,2026-10-22 12:42:37,2026-11-10 18:46:51
1326,PJ,Brito S.A.,nan,66467061000171,932453810,brito.s.a.1326@example.com,5579941224870,False,2023-06-01 18:46:08,2025-10-04 10:45:11
1327,PJ,Cassiano EIRELI,da Cunha,4850308000187,963225174,cassiano.eireli.1327@example.com,55024904326118,True,2022-11-17 02:07:54,2025-03-28 20:52:54
1328,PF,Ana Júlia Andrade,nan,26205505991,nan,ana.j.lia.andrade.1328@example.com,5546986163070,True,2020-01-27 20:51:37,2024-11-15 00:14:22
1329,PF,Yago Guerra,nan,89374310503,nan,yago.guerra.1329@example.com,55020920095366,True,2023-05-21 14:07:37,2025-09-14 09:34:05
1330,PF,Srta. Ana Lívia Oliveira,nan,92669967850,nan,srta.ana.l.via.oliveira.1330@example.com,5536989005779,True,2023-10-19 14:52:28,2026-06-04 11:37:08
1331,PJ,Alves ME,Brito - ME,12626937000156,325900739,alves.me.1331@example.com,55013907221138,False,2024-12-24 07:51:56,2026-09-07 14:56:11
1332,PF,Ana Cecília Souza,nan,51708015302,nan,ana.cec.lia.souza.1332@example.com,5571967221045,True,2026-02-11 23:20:25,2026-03-30 21:14:40
1333,PF,Sra. Maria Luísa Vieira,nan,39397815253,nan,sra.maria.lu.sa.vieira.1333@example.com,5571992817074,True,2023-05-29 16:41:10,2026-12-18 23:26:27
1334,PJ,da Cruz Ltda,Aragão,795446000150,234422521,da.cruz.ltda.1334@example.com,5502952394120,True,2026-12-03 21:58:59,2026-12-12 00:32:44
1335,PF,Júlia das Neves,nan,30250404168,nan,j.lia.das.neves.1335@example.com,55072969032655,True,2021-10-10 06:24:57,2026-01-25 07:58:41
1336,PF,Henry Gabriel Cardoso,nan,47461254570,nan,henry.gabriel.cardoso.1336@example.com,55061979480245,True,2021-08-22 19:38:18,2022-12-13 11:20:52
1337,PF,Sra. Ágatha Ferreira,nan,74981632410,nan,sra.gatha.ferreira.1337@example.com,5560921191589,True,2025-11-05 10:07:11,2026-07-22 09:03:53
1338,PF,Enzo Gabriel Lopes,nan,29559637800,nan,enzo.gabriel.lopes.1338@example.com,5564998647868,True,2025-09-09 19:22:42,2026-04-29 07:51:11
1339,PJ,Cardoso Ltda,Martins Garcia S/A,37883913000103,088447408,cardoso.ltda.1339@example.com,5578919190749,True,2026-09-09 02:09:39,2026-09-10 16:17:44
1340,PJ,Barros Lopes Ltda.,Aragão - ME,17960028000173,983692353,barros.lopes.ltda.1340@example.com,5584986470821,True,2025-03-30 13:17:10,2025-09-11 18:44:34
1341,PJ,Oliveira Moura - ME,da Mota,27101859000143,622021237,oliveira.moura.me.1341@example.com,55005950330000,True,2020-05-18 17:27:48,2026-04-02 05:58:22
1342,PF,Stella Garcia,nan,72334080683,nan,stella.garcia.1342@example.com,5546973919008,True,2024-12-24 12:04:37,2026-08-04 19:15:37
1343,PJ,Campos Ltda.,nan,75823457000103,160091692,campos.ltda.1343@example.com,5527937989790,True,2020-04-12 10:53:13,2022-04-11 00:57:55
1344,PF,Alexia Nogueira,nan,86486722797,nan,alexia.nogueira.1344@example.com,5548918674630,True,2020-12-27 07:26:14,2026-01-12 23:24:19
1345,PJ,Almeida - EI EIRELI,Rodrigues,78771925000123,336113711,almeida.ei.eireli.1345@example.com,5515919854582,True,2020-07-09 09:51:05,2021-12-08 15:43:40
1346,PJ,Cassiano ME,Correia e Filhos,38448927000161,401535346,cassiano.me.1346@example.com,5507956999449,True,2026-04-30 03:57:38,2026-06-13 03:14:21
1347,PF,Sra. Maria Luiza Lopes,nan,25864890634,nan,sra.maria.luiza.lopes.1347@example.com,55020910824028,True,2023-06-15 06:03:34,2026-01-05 21:22:22
1348,PJ,Sales - EI ME,nan,42923794000105,223879402,sales.ei.me.1348@example.com,5520985817452,True,2025-08-07 07:20:14,2026-11-14 08:06:01
1349,PJ,da Conceição ME,nan,77937943000170,536423570,da.concei.o.me.1349@example.com,5541929182851,True,2020-12-06 11:22:58,2025-03-15 10:07:42
1350,PJ,Rodrigues - ME,nan,70876346000133,125590461,rodrigues.me.1350@example.com,5507992304660,True,2023-05-29 14:41:30,2026-08-02 15:07:24
1351,PJ,Barros S.A.,Moreira Casa Grande - ME,40910521000109,101232961,barros.s.a.1351@example.com,5512904850766,True,2020-08-20 03:21:25,2020-09-27 18:46:38
1352,PF,Sr. José Pedro das Neves,nan,43355837709,nan,sr.jos.pedro.das.neves.1352@example.com,5504922763460,True,2022-05-19 01:33:02,2024-05-02 11:36:17
1353,PJ,Pinto S/A S.A.,da Costa,3134102000198,057347243,pinto.s.a.s.a.1353@example.com,5586917682251,True,2021-07-18 07:28:37,2021-11-21 18:51:18
1354,PF,Dra. Carolina Marques,nan,10657047554,nan,dra.carolina.marques.1354@example.com,55067908666562,True,2023-01-05 18:24:32,2023-01-14 21:51:22
1355,PF,Cliente,nan,66772931068,nan,jo.o.guilherme.barbosa.1355@example.com,5576987849477,True,2020-07-03 14:36:38,2024-07-07 02:47:40
1356,PJ,Ribeiro S.A.,Porto S.A.,10406807000182,500618489,ribeiro.s.a.1356@example.com,55042923543404,True,2023-05-27 17:38:37,2024-01-25 23:46:18
1357,PJ,Sousa EIRELI,nan,8656392000153,682121564,sousa.eireli.1357@example.com,5552954920644,False,2026-12-02 23:13:02,2026-12-14 23:47:39
1358,PF,Aurora Vargas,nan,15587234479,nan,aurora.vargas.1358@example.com,5519973881827,True,2026-05-06 15:31:34,2026-11-20 14:04:43
1359,PJ,Abreu Rios - ME,das Neves Câmara Ltda.,61773574000197,948821884,abreu.rios.me.1359@example.com,5568906640511,True,2022-12-22 08:50:58,2024-01-03 14:35:27
1360,PJ,Cirino S/A EIRELI,Freitas das Neves S.A.,55245795000190,412301604,cirino.s.a.eireli.1360@example.com,5586903721860,True,2021-03-15 03:44:05,2022-11-08 10:40:45
1361,PJ,Costa S.A.,Sampaio S.A.,47398212000132,197899901,costa.s.a.1361@example.com,5540903471317,True,2024-06-06 15:06:55,2024-10-03 22:13:44
1362,PF,Srta. Nina Teixeira,nan,51994194715,nan,srta.nina.teixeira.1362@example.com,5560916259084,True,2023-08-17 14:33:04,2025-11-16 01:20:15
1363,PF,João Miguel Porto,nan,70101987218,nan,jo.o.miguel.porto.1363@example.com,55085950113753,True,2022-08-29 15:43:12,2024-01-15 19:10:09
1364,PF,Sr. Dante Almeida,nan,75936510450,nan,sr.dante.almeida.1364@example.com,55028987807279,True,2021-03-17 06:12:51,2022-10-21 04:01:56
1365,PF,Ian Martins,nan,37473837850,nan,ian.martins.1365@example.com,5561960881972,True,2020-09-21 03:41:14,2026-10-14 23:04:58
1366,PF,Guilherme Rocha,nan,90089115660,nan,guilherme.rocha.1366@example.com,5596947718375,True,2022-08-21 07:24:29,2025-03-05 10:59:17
1367,PF,Asafe Machado,nan,57107374532,nan,asafe.machado.1367@example.com,5581902480855,True,2021-09-02 15:41:03,2026-04-27 09:08:13
1368,PJ,Montenegro S.A.,Albuquerque S.A.,67724668000152,443236221,montenegro.s.a.1368@example.com,5590969685746,True,2020-02-28 12:05:53,2023-04-29 13:52:18
1369,PF,Olivia Almeida,nan,14571685378,nan,olivia.almeida.1369@example.com,5575916913952,True,2021-10-29 21:55:02,2023-03-30 17:46:36
1370,PJ,Duarte S/A S.A.,Jesus Ltda.,78850236000104,261070335,duarte.s.a.s.a.1370@example.com,5584924319839,True,2024-04-26 13:32:10,2026-12-30 13:57:51
1371,PJ,da Paz Nogueira Ltda.,Câmara S/A,25970664000104,041691053,da.paz.nogueira.ltda.1371@example.com,5521951675864,True,2023-04-08 16:04:40,2024-04-03 03:00:24
1372,PF,Isabelly da Conceição,nan,43428921208,nan,isabelly.da.concei.o.1372@example.com,5553948110501,True,2020-10-11 20:54:32,2026-07-04 01:46:26
1373,PJ,Monteiro Ltda,da Luz,64568709000170,278961573,monteiro.ltda.1373@example.com,1234567890,True,2025-02-26 11:35:21,2025-11-01 15:52:01
1374,PJ,da Conceição Pastor Ltda.,nan,7556210000100,978155426,da.concei.o.pastor.ltda.1374@example.com,5597923602446,True,2024-03-07 08:26:53,2025-08-06 05:00:48
1375,PF,Sra. Lara Lima,nan,9370025693,nan,sra.lara.lima.1375@example.com,55072905171073,True,2023-05-09 08:21:35,2025-06-19 00:42:30
1376,PF,Theodoro Martins,nan,85657560337,nan,theodoro.martins.1376@example.com,5556947837031,True,2021-05-12 02:27:32,2024-07-16 01:56:06
1377,PJ,Dias ME,nan,23720453000198,438027414,dias.me.1377@example.com,5557926029254,True,2025-09-13 09:48:26,2026-11-07 03:21:23
1378,PJ,Rodrigues ME,Casa Grande,51843212000171,728840766,rodrigues.me.1378@example.com,5520976327135,True,2020-11-13 10:48:56,2024-06-28 05:05:41
1379,PJ,Siqueira Novaes - ME,Leão,14103521000189,259238687,siqueira.novaes.me.1379@example.com,5506904886932,True,2021-06-14 10:03:18,2026-06-19 14:55:23
1380,PJ,Sales Ltda.,Vasconcelos,82306729000155,340508927,sales.ltda.1380@example.com,5596915976405,True,2026-12-04 02:22:33,2026-12-24 03:36:33
1381,PJ,Rodrigues Rezende e Filhos S.A.,Jesus,24820928000180,707897755,rodrigues.rezende.e.filhos.s.a.1381@example.com,5526919038422,True,2024-11-13 14:21:55,2026-07-15 16:19:14
1382,PF,Giovanna Guerra,nan,34495181009,nan,giovanna.guerra.1382@example.com,55073920222711,True,2023-10-19 02:25:23,2026-08-30 09:25:05
1383,PF,Ravi Freitas,nan,95695700248,nan,ravi.freitas.1383@example.com,55069917162042,True,2023-08-15 17:59:33,2023-09-19 10:27:04
1384,PF,Ísis Freitas,nan,32693771005,nan,sis.freitas.1384@example.com,5544986983052,True,2021-11-13 04:26:30,2025-12-15 10:30:04
1385,PJ,Lima - EI ME,Costela - EI,86297784000187,220269801,lima.ei.me.1385@example.com,5526947106801,True,2020-12-15 09:08:39,2023-03-15 00:42:32
1386,PF,Nicole Teixeira,nan,80140494383,nan,nicole.teixeira.1386@bol.con,5531963705004,True,2022-10-12 18:41:52,2024-05-28 03:11:14
1387,PF,Fernanda Costela,nan,77681506438,nan,fernanda.costela.1387@example.com,55067924469317,True,2026-08-24 13:48:13,2026-08-29 07:57:18
1388,PJ,Nunes da Mota - ME,da Costa,58289772000175,808390654,nunes.da.mota.me.1388@example.com,5525999851939,True,2022-01-30 03:51:02,2022-12-17 09:38:09
1389,PF,Davi Lucas Martins,nan,24463537207,nan,davi.lucas.martins.1389@example.com,55072981291635,False,2020-10-02 01:40:23,2022-02-23 17:19:47
1390,PF,Ana Julia da Rosa,nan,32493304187,nan,ana.julia.da.rosa.1390@example.com,5560926676527,True,2025-08-24 22:13:41,2026-04-07 03:15:46
1391,PF,Yuri Ramos,nan,94071252464,nan,yuri.ramos.1391@example.com,5553997499507,True,2024-09-16 14:22:38,2026-09-24 23:10:01
1392,PF,Srta. Sofia Nogueira,nan,68193697600,nan,srta.sofia.nogueira.1392@example.com,5540967560208,True,2026-11-18 19:17:32,2026-12-25 00:58:44
1393,PF,Cauã Nunes,nan,42683549997,nan,cau.nunes.1393@example.com,55090922154390,True,2026-02-13 06:11:56,2026-02-20 18:06:59
1394,PF,José Pedro Nogueira,nan,24276364604,nan,jos.pedro.nogueira.1394@example.com,5509932253332,False,2021-10-08 03:24:14,2024-09-14 05:30:18
1395,PJ,Cavalcante S.A.,Azevedo,80590684000168,025550193,cavalcante.s.a.1395@example.com,5545903698884,True,2023-04-22 15:56:35,2023-07-08 14:39:04
1396,PJ,Pinto Correia S.A.,Castro da Rocha S.A.,95187457000163,629620805,pinto.correia.s.a.1396@example.com,5583912441290,True,2022-04-25 12:20:13,2026-11-28 01:06:01
1397,PJ,Vasconcelos S.A.,nan,7033762000133,596599920,vasconcelos.s.a.1397@example.com,5523976317749,True,2020-05-08 21:27:14,2026-10-11 16:24:52
1398,PJ,da Mota Ltda,Azevedo Albuquerque - ME,10703183000165,294193759,da.mota.ltda.1398@example.com,5592926713175,True,2020-03-08 15:58:01,2020-11-08 00:28:33
1399,PF,Murilo Cardoso,nan,43719598063,nan,murilo.cardoso.1399@example.com,5547952864612,True,2023-12-01 04:50:43,2026-10-05 02:02:46
1400,PJ,Pinto - ME,nan,9131766000180,173009928,pinto.me.1400@example.com,5552940321153,False,2022-05-08 09:02:13,2023-02-18 05:47:08
1401,PJ,Fogaça EIRELI,Dias S/A,811752000132,432191430,foga.a.eireli.1401@example.com,5577997247925,True,2024-10-13 12:15:00,2025-01-21 00:16:20
1402,PF,Dra. Isis Cardoso,nan,83035047898,nan,dra.isis.cardoso.1402@example.com,55018983458192,True,2020-02-19 04:05:12,2022-03-01 18:57:02
1403,PF,Srta. Liz Vargas,nan,15120004008,nan,srta.liz.vargas.1403@example.com,5577906769333,True,2024-01-27 09:32:01,2025-02-14 14:47:27
1404,PF,Pedro Fogaça,nan,21621377393,nan,pedro.foga.a.1404@example.com,5559902578464,True,2021-05-14 09:44:09,2023-12-29 04:47:47
1405,PF,Vicente Farias,nan,49649256172,nan,vicente.farias.1405@example.com,5558983825672,True,2025-03-02 03:29:04,2026-01-25 16:04:08
1406,PJ,Viana Ltda,nan,78858658000126,208467292,viana.ltda.1406@example.com,5543955196282,True,2022-06-12 20:48:53,2026-03-24 09:43:12
1407,PJ,Cirino Ferreira S/A Ltda,Nascimento S.A.,13670923000100,562472863,cirino.ferreira.s.a.ltda.1407@example.com,5542901223414,True,2024-07-21 07:45:14,2024-08-10 19:04:27
1408,PJ,Peixoto Albuquerque S/A ME,Gonçalves,11063540000130,270266045,peixoto.albuquerque.s.a.me.1408@example.com,5595963217400,True,2023-02-09 06:04:45,2026-05-25 00:17:24
1409,PF,Srta. Ana Vitória Aragão,nan,86289071491,nan,srta.ana.vit.ria.arag.o.1409@example.com,5593935389222,True,2020-11-20 17:29:20,2024-04-04 20:23:31
1410,PJ,Martins S.A.,Borges - EI,80127891000180,360060827,martins.s.a.1410@example.com,55005964616076,True,2026-08-28 22:53:24,2026-09-08 05:44:13
1411,PJ,Gonçalves da Paz S.A.,Albuquerque,99946419000106,095372346,gon.alves.da.paz.s.a.1411@example.com,5576923133610,True,2023-12-16 08:38:20,2024-01-12 08:12:24
1412,PF,Joana da Paz,nan,18645861844,nan,joana.da.paz.1412@example.com,5564923165441,True,2024-08-30 20:34:24,2025-02-24 23:44:17
1413,PF,Srta. Natália Cavalcanti,nan,53689875870,nan,srta.nat.lia.cavalcanti.1413@example.com,55076985760634,True,2024-12-20 08:49:52,2025-08-03 08:05:13
1414,PJ,Cirino ME,da Mota - ME,24642601000166,175518870,cirino.me.1414@example.com,5579999324202,True,2020-11-24 19:23:33,2024-07-11 19:21:53
1415,PF,Henry Macedo,nan,81500805890,nan,henry.macedo.1415@example.com,5544917234565,True,2023-09-13 07:18:05,2025-08-18 13:28:23
1416,PJ,Montenegro Gomes - EI ME,nan,42887283000185,479025485,montenegro.gomes.ei.me.1416@example.com,5562968904723,True,2026-12-22 02:13:11,2026-12-29 17:03:16
1417,PF,Maya Siqueira,nan,58260730715,nan,maya.siqueira.1417@example.com,5510909538557,True,2020-02-06 05:20:13,2022-05-08 22:55:11
1418,PF,Sra. Emanuella Borges,nan,59006041793,nan,sra.emanuella.borges.1418@example.com,5543959900937,True,2026-09-01 20:23:34,2026-12-09 05:58:12
1419,PF,Ana Vitória da Luz,nan,47570235290,nan,ana.vit.ria.da.luz.1419@example.com,5504976143788,True,2022-05-17 00:44:29,2024-12-19 17:29:43
1420,PF,João Guilherme Cunha,nan,63194008625,nan,jo.o.guilherme.cunha.1420@example.com,55006961875646,True,2021-07-14 18:20:35,2022-12-21 12:44:18
1421,PF,Caroline Rocha,nan,73207403700,nan,caroline.rocha.1421@example.com,5536981541858,True,2024-02-20 04:18:37,2026-05-14 23:33:05
1422,PJ,Araújo S.A.,Melo,42790496000194,291084507,ara.jo.s.a.1422@example.com,5560943566050,True,2021-10-07 00:33:56,2025-07-24 21:04:20
1423,PF,Josué Macedo,nan,852620136,nan,josu.macedo.1423@example.com,5569983306773,True,2022-03-23 05:19:43,2025-08-06 09:28:17
1424,PF,Nathan Melo,nan,84298173364,nan,nathan.melo.1424@example.com,5582922667941,True,2020-02-11 07:04:16,2025-02-10 03:16:25
1425,PF,Allana Vargas,nan,47309022890,nan,allana.vargas.1425@example.com,5578986538590,True,2020-11-04 03:29:44,2023-11-28 03:34:53
1426,PJ,Melo Ltda,Oliveira Leão S.A.,32853794000122,428987605,melo.ltda.1426@example.com,5504992217048,True,2025-08-25 21:26:00,2025-12-27 04:11:40
1427,PF,Ana Vitória Nogueira,nan,79591301758,nan,ana.vit.ria.nogueira.1427@example.com,5570966320162,False,2024-04-23 09:16:38,2024-07-14 04:14:19
1428,PJ,Melo S.A.,Vargas Moraes - EI,3779109000167,198271826,melo.s.a.1428@example.com,5533971708649,True,2022-06-06 04:27:13,2024-01-01 16:31:33
1429,PJ,Cavalcante EIRELI,nan,70193575000153,694203983,cavalcante.eireli.1429@example.com,5535949014599,True,2024-01-09 23:39:07,2026-12-28 07:04:03
1430,PF,Milena Alves,nan,14789077896,nan,milena.alves.1430@example.com,nan,True,2022-07-15 19:52:14,2024-12-06 19:17:37
1431,PJ,Pereira ME,nan,35758696000102,824388430,pereira.me.1431@example.com,55017981678066,True,2021-04-17 04:12:24,2021-11-19 07:18:02
1432,PJ,Ribeiro S.A.,Rocha Camargo Ltda.,98004574000132,890164928,ribeiro.s.a.1432@example.com,5550937017092,True,2021-02-03 04:31:14,2023-08-24 12:09:40
1433,PF,Letícia Aparecida,nan,10352688840,nan,let.cia.aparecida.1433@example.com,55003908808172,True,2026-01-11 14:29:24,2026-10-23 07:11:50
1434,PF,Clarice Moura,nan,17760059108,nan,clarice.moura.1434@example.com,55096982448500,True,2022-10-10 15:12:59,2024-05-11 22:09:13
1435,PF,Clara Moreira,nan,88298385276,nan,clara.moreira.1435@example.com,5595992741168,True,2023-02-21 16:06:11,2025-01-09 11:46:34
1436,PJ,Lima - EI ME,nan,90908098000172,196127662,lima.ei.me.1436@example.com,5580982039170,True,2023-05-10 15:40:48,2024-04-22 20:33:59
1437,PF,Emanuella Leão,nan,72329486545,isento,emanuella.le.o.1437@example.com,5544943596245,True,2026-06-05 20:38:25,2026-10-21 12:46:17
1438,PF,Raquel Abreu,nan,30643291547,nan,raquel.abreu.1438@example.com,5520942425369,True,2021-09-21 18:55:44,2024-03-14 02:56:39
1439,PJ,Pacheco S/A EIRELI,nan,81166091000131,237530284,pacheco.s.a.eireli.1439@example.com,5576903967024,True,2023-08-03 17:25:26,2024-01-25 20:43:18
1440,PJ,Garcia Dias S.A.,Aparecida,19985897000188,553648187,garcia.dias.s.a.1440@example.com,5540936488215,True,2025-05-06 20:16:05,2026-03-06 13:28:13
1441,PF,Dra. Milena Monteiro,nan,55037587069,nan,dra.milena.monteiro.1441@example.com,5585946623236,True,2026-11-27 16:24:27,2026-12-05 01:13:10
1442,PJ,Garcia - ME,nan,13791186000196,799864912,garcia.me.1442@example.com,5594997220429,True,2021-11-18 12:46:41,2024-06-20 17:30:38
1443,PF,Maria Julia Cirino,nan,35676760672,0,maria.julia.cirino.1443@example.com,55069992066617,True,2022-05-22 08:26:47,2022-11-15 01:56:45
1444,PF,Maria Luísa Cavalcanti,nan,46469935540,nan,maria.lu.sa.cavalcanti.1444@example.com,5556999929983,True,2023-05-08 14:06:32,2023-10-23 17:13:43
1445,PF,Lorenzo Sá,nan,28500925337,nan,lorenzo.s.1445@example.com,5576988777925,True,2023-04-09 08:23:01,2023-04-17 06:50:30
1446,PJ,Albuquerque S.A.,nan,65406804000130,413482084,albuquerque.s.a.1446@example.com,5531953983912,True,2022-03-22 17:08:35,2024-07-02 09:38:27
1447,PJ,Guerra Albuquerque S/A EIRELI,Azevedo Ltda.,33238272000183,407629143,guerra.albuquerque.s.a.eireli.1447@example.com,5549913410389,True,2026-10-15 16:44:22,2026-11-05 19:43:41
1448,PF,Luna Cassiano,nan,50786387254,nan,luna.cassiano.1448@example.com,5572909986564,True,2022-01-10 13:44:20,2026-08-31 01:46:56
1449,PF,Davi Luiz da Rocha,nan,40685933105,nan,davi.luiz.da.rocha.1449@example.com,5559920823530,True,2021-07-03 15:04:12,2024-11-01 15:06:41
1450,PF,Raquel Lima,nan,84576958275,nan,raquel.lima.1450@example.com,5591994896298,True,2021-08-06 22:14:10,2024-08-03 18:23:28
1451,PJ,Rezende Ltda.,Nascimento,82602139000170,201753079,rezende.ltda.1451@example.com,5561986957240,True,2021-12-09 00:32:14,2023-12-24 04:09:04
1452,PJ,da Cruz Ltda,Mendonça,89113542000184,412531379,da.cruz.ltda.1452@example.com,5561900777321,True,2020-02-10 14:09:48,2025-12-02 00:02:16
1453,PF,Marcela Araújo,nan,13795997500,nan,marcela.ara.jo.1453@example.com,5561992025999,True,2025-05-17 08:09:15,2025-06-13 21:43:30
1454,PF,Srta. Fernanda Moreira,nan,77571043190,nan,srta.fernanda.moreira.1454@example.com,55033970342444,True,2024-07-07 20:39:45,2025-04-14 13:16:14
1455,PF,Laura Novaes,nan,75820329341,nan,laura.novaes.1455@example.com,5504976078623,True,2022-01-04 04:03:30,2026-11-06 07:01:26
1456,PJ,Azevedo EIRELI,Sales - ME,19584434000104,651917085,azevedo.eireli.1456@example.com,5573928951456,True,2020-06-29 13:11:22,2025-02-22 16:09:48
1457,PF,José Miguel Andrade,nan,83560566835,nan,jos.miguel.andrade.1457@example.com,5518958055811,True,2025-01-05 07:44:30,2025-07-04 05:58:17
1458,PF,Dr. José Pedro da Mata,nan,55346624503,nan,dr.jos.pedro.da.mata.1458@example.com,5565939160770,True,2023-07-04 17:37:01,2024-12-01 05:52:12
1459,PF,João Miguel Albuquerque,nan,5364297586,nan,jo.o.miguel.albuquerque.1459@example.com,5530945418403,True,2023-09-29 07:55:59,2025-08-17 21:01:26
1460,PF,Ísis Cassiano,nan,28149644539,nan,sis.cassiano.1460@example.com,55018903966203,True,2022-12-05 05:17:34,2026-09-25 20:24:07
1461,PF,Maria Fernanda Nogueira,nan,16166298277,nan,maria.fernanda.nogueira.1461@example.com,5564907880265,True,2024-04-20 14:43:02,2025-02-05 23:18:06
1462,PJ,Pereira Sampaio Ltda.,nan,62227469000115,164693335,pereira.sampaio.ltda.1462@example.com,5523903974408,True,2021-04-18 13:10:02,2023-03-31 16:13:57
1463,PF,Ana Júlia Teixeira,nan,7205433207,nan,ana.j.lia.teixeira.1463@example.com,5570989870920,True,2021-02-10 03:41:29,2026-09-22 22:28:01
1464,PJ,Peixoto e Filhos Ltda,nan,95071956000190,918431132,peixoto.e.filhos.ltda.1464@example.com,5561915848580,True,2024-04-21 04:15:46,2025-05-30 03:42:18
1465,PF,Sr. Murilo da Costa,nan,36541177597,nan,sr.murilo.da.costa.1465@example.com,55011996047220,False,2022-04-21 00:38:45,2025-02-19 13:36:16
1466,PF,Sr. Ravy Rocha,nan,97589591157,nan,sr.ravy.rocha.1466@example.com,5577945447082,True,2024-07-16 20:13:36,2026-06-24 15:11:06
1467,PJ,Barros Macedo S/A ME,Gomes,66685098000176,199539467,barros.macedo.s.a.me.1467@example.com,0000000000,True,2025-04-04 02:50:57,2026-05-01 00:20:04
1468,PF,Anthony Gabriel Carvalho,nan,84538719650,nan,anthony.gabriel.carvalho.1468@example.com,5518940257870,True,2026-04-26 02:31:51,2026-10-23 01:54:28
1469,PJ,Gomes Moreira - ME,nan,55220703000117,050630663,gomes.moreira.me.1469@example.com,5505902816409,True,2022-07-30 20:05:49,2024-06-13 05:57:51
1470,PF,Bárbara Albuquerque,nan,19017412577,nan,b.rbara.albuquerque.1470@example.com,5590991203025,True,2025-07-21 22:59:20,2025-09-17 18:51:01
1471,PF,Antônio Pereira,nan,53847390708,nan,ant.nio.pereira.1471@example.com,5552937597953,True,2023-02-22 12:40:26,2026-03-03 19:55:38
1472,PF,Francisco Gonçalves,nan,11606036262,nan,francisco.gon.alves.1472@example.com,5509986027574,True,2023-08-07 14:01:23,2024-01-18 16:53:16
1473,PF,Luna da Cunha,nan,37213836722,nan,luna.da.cunha.1473@example.com,5592905489445,True,2021-05-28 23:30:02,2026-06-04 16:27:49
1474,PF,Théo Borges,nan,69955606045,nan,th.o.borges.1474@example.com,5580981896558,True,2026-03-13 14:00:40,2026-07-21 09:13:56
1475,PJ,da Paz da Paz Ltda.,Guerra,58015780000123,229521797,da.paz.da.paz.ltda.1475@example.com,5556960361624,True,2021-12-27 01:13:19,2022-08-16 20:53:16
1476,PJ,Alves EIRELI,nan,65075756000145,704726602,alves.eireli.1476@example.com,5551958501530,True,2024-05-07 22:42:22,2025-02-07 03:23:12
1477,PF,Pedro Lucas da Conceição,nan,56957287548,nan,pedro.lucas.da.concei.o.1477@example.com,5567915605879,True,2021-07-05 15:56:20,2022-12-25 16:25:45
1478,PJ,Freitas S.A.,da Cunha da Rosa S/A,9281420000168,339547940,freitas.s.a.1478@example.com,5545931579057,True,2020-03-30 21:25:15,2025-08-22 17:28:49
1479,PF,Bruno Teixeira,nan,60787789860,nan,bruno.teixeira.1479@example.com,5598966469365,True,2023-12-14 17:59:14,2025-06-01 21:04:13
1480,PF,Camila Novaes,nan,74453443498,nan,camila.novaes.1480@example.com,5535997487680,True,2021-11-02 20:29:53,2023-02-14 22:43:51
1481,PF,Dr. Benicio Vargas,nan,84792245923,nan,dr.benicio.vargas.1481@example.com,55037971843019,True,2021-03-05 07:56:58,2023-11-15 03:25:32
1482,PJ,Castro Alves - EI ME,Lopes,480709000131,733329732,castro.alves.ei.me.1482@example.com,5596944028253,True,2022-02-17 20:54:51,2025-03-17 19:03:57
1483,PF,Miguel Marques,nan,32692569733,nan,miguel.marques.1483@example.com,5599924277392,True,2025-04-02 01:55:50,2025-09-26 10:13:35
1484,PJ,Silveira Nascimento Ltda.,nan,5140554000108,202320914,silveira.nascimento.ltda.1484@example.com,5516993328442,True,2026-06-24 21:51:50,2026-12-25 21:14:02
1485,PF,Kaique Monteiro,nan,44177763268,nan,kaique.monteiro.1485@example.com,5599982907551,True,2022-02-07 18:24:53,2024-05-07 10:44:48
1486,PF,Dr. Luigi Cardoso,nan,9048196558,nan,dr.luigi.cardoso.1486@example.com,5507956999138,True,2026-03-11 14:28:11,2026-07-23 03:13:20
1487,PF,Davi Alves,nan,46394967963,nan,davi.alves.1487@example.com,5564933226227,True,2025-07-22 18:15:42,2026-04-16 04:26:46
1488,PF,Nina Martins,nan,51765156360,nan,nina.martins.1488@example.com,5531968066470,True,2023-03-05 05:33:17,2026-02-20 01:48:55
1489,PF,Agatha Costela,nan,48748385883,nan,agatha.costela.1489@example.com,5550936059529,True,2023-07-04 16:51:41,2024-11-07 16:28:28
1490,PF,Liz Carvalho,nan,67674294650,nan,liz.carvalho.1490@example.com,5510974027406,True,2021-10-16 06:47:49,2025-03-02 20:44:13
1491,PJ,Viana Ltda,Montenegro,17449708000127,267625906,viana.ltda.1491@example.com,55000936385646,True,2020-11-26 13:28:57,2026-01-17 04:55:08
1492,PJ,da Paz - EI S.A.,da Mata,97570198000180,597931839,da.paz.ei.s.a.1492@example.com,5579984914986,True,2025-04-13 01:10:27,2026-04-25 23:14:43
1493,PF,Levi Dias,nan,79905502882,nan,levi.dias.1493@example.com,5549932664322,True,2025-03-26 04:57:50,2025-10-29 14:01:02
1494,PF,Srta. Jade Garcia,nan,30587891904,nan,srta.jade.garcia.1494@example.com,5521928981159,True,2022-07-03 16:08:10,2023-09-08 13:26:29
1495,PJ,Novais ME,nan,23720131000149,400127622,novais.me.1495@example.com,5598947422567,True,2026-12-22 16:08:33,2026-12-26 19:44:14
1496,PJ,Azevedo Ltda,nan,7647008000193,888223788,azevedo.ltda.1496@example.com,55005984168061,False,2022-08-20 20:11:04,2025-12-20 12:23:21
1497,PF,Srta. Jade Oliveira,nan,43070539823,nan,srta.jade.oliveira.1497@example.com,5564979984605,True,2023-10-02 13:48:34,2025-06-05 09:53:18
1498,PF,Mariane Rodrigues,nan,3640328477,nan,mariane.rodrigues.1498@example.com,55094996383097,True,2024-04-11 06:15:49,2025-01-30 21:10:36
1499,PF,Guilherme Gonçalves,nan,54926545519,nan,guilherme.gon.alves.1499@example.com,5508909261662,True,2022-08-15 11:26:37,2025-01-29 13:07:06
1500,PJ,Brito - ME,Fogaça,884752000162,578645786,brito.me.1500@example.com,5555975124764,True,2026-05-03 06:57:35,2026-11-14 21:09:48
1501,PF,André Aragão,nan,20011690941,nan,andr.arag.o.1501@example.com,5587958682405,True,2023-03-24 18:17:03,2024-01-29 07:02:33
1502,PF,Oliver Garcia,nan,40509792251,nan,oliver.garcia.1502@example.com,5545912244418,True,2025-09-03 06:12:04,2025-10-19 19:50:32
1503,PJ,da Rocha S.A.,Casa Grande S.A.,20353072000120,386860835,da.rocha.s.a.1503@example.com,55001970363094,True,2022-12-18 03:03:45,2025-03-25 07:09:00
1504,PF,Eduardo Cunha,nan,80123074487,nan,eduardo.cunha.1504@example.com,5560920508983,True,2023-10-12 11:53:28,2026-01-21 07:52:55
1505,PF,João Lucas Souza,nan,22746721724,nan,jo.o.lucas.souza.1505@example.com,5534990961979,True,2025-10-21 00:09:04,2026-07-06 21:57:42
1506,PF,Raquel Carvalho,nan,11029096708,nan,raquel.carvalho.1506@example.com,5552984135694,True,2021-09-09 22:29:38,2026-06-11 12:07:26
1507,PF,Alice da Rosa,nan,18194990815,nan,alice.da.rosa.1507@example.com,5507935674809,True,2023-02-26 03:02:12,2023-04-08 09:17:56
1508,PF,Dr. Henry Gabriel Oliveira,nan,41437949690,nan,dr.henry.gabriel.oliveira.1508@example.com,5505998026029,True,2020-11-29 19:08:37,2022-12-24 09:05:48
1509,PF,João Gabriel Casa Grande,nan,7197160634,nan,jo.o.gabriel.casa.grande.1509@example.com,5531958925849,True,2020-01-04 01:11:23,2026-04-12 16:16:10
1510,PF,Ravi Lucca Correia,nan,68246680609,nan,ravi.lucca.correia.1510@example.com,5520931977748,True,2026-12-08 05:46:28,2026-12-12 06:59:56
1511,PJ,Marques EIRELI,nan,42525146000109,595141864,marques.eireli.1511@example.com,5523908829586,True,2023-11-11 04:54:06,2025-03-20 16:55:03
1512,PF,Dra. Kamilly Caldeira,nan,47134750418,nan,dra.kamilly.caldeira.1512@example.com,5562933260586,True,2020-07-18 13:28:48,2021-02-24 23:10:41
1513,PJ,Cavalcante EIRELI,Leão,85357367000110,748317306,cavalcante.eireli.1513@example.com,5529931518178,True,2024-10-15 17:03:49,2025-05-16 02:39:35
1514,PJ,da Rocha Vasconcelos S.A.,nan,39128753000112,655946989,da.rocha.vasconcelos.s.a.1514@example.com,5562932723717,True,2020-09-28 02:01:44,2026-12-25 01:26:59
1515,PJ,Cassiano S.A.,Melo Rocha - EI,53697586000151,006548708,cassiano.s.a.1515@example.com,5577995417675,True,2025-03-08 03:01:23,2026-10-15 19:22:55
1516,PJ,Costa Ltda,Nogueira - EI,1409888000183,907378159,costa.ltda.1516@example.com,5557990894589,True,2023-06-04 19:28:20,2025-08-05 04:27:55
1517,PJ,Cavalcante ME,Novaes,17760707000107,384887638,cavalcanet.me.1517@example.com,5520976123961,True,2022-06-04 03:57:46,2026-10-10 11:43:49
1518,PJ,Camargo Pires e Filhos S.A.,Pires Ltda.,54548129000168,188129886,camargo.pires.e.filhos.s.a.1518@example.com,5582907066901,True,2021-12-17 16:44:48,2022-04-09 20:20:38
1519,PF,Rafael Pastor,nan,96729313790,nan,rafael.pastor.1519@example.com,1234567890,True,2020-05-10 12:03:21,2024-07-31 18:39:16
1520,PF,João Guilherme Santos,nan,11929905874,nan,jo.o.guilherme.santos.1520@example.com,5564997035067,True,2024-06-19 10:23:17,2026-12-07 07:26:54
1521,PJ,Marques Ltda,nan,5174770000174,896833557,marques.ltda.1521@example.com,5577931231555,True,2026-01-12 17:37:09,2026-12-21 10:27:52
1522,PJ,Rodrigues Ltda.,nan,96284292000100,705218799,rodrigues.ltda.1522@example.com,5584944045883,True,2025-11-01 23:14:59,2026-08-20 11:30:48
1523,PJ,Barbosa Ltda.,nan,48946629000155,147012350,barbosa.ltda.1523@example.com,5568971568910,False,2020-04-01 15:49:22,2021-11-17 15:19:20
1524,PF,Maysa Machado,nan,13295351627,nan,maysa.machado.1524@example.com,5578902344568,True,2021-11-16 05:33:08,2026-05-30 01:17:47
1525,PJ,da Luz ME,Melo,88557283000118,940366401,da.luz.me.1525@example.com,5532995737831,True,2026-03-17 00:00:23,2026-11-06 18:35:04
1526,PF,Dr. Luiz Otávio Machado,nan,74245698055,nan,dr.luiz.ot.vio.machado.1526@example.com,55092973186830,True,2025-01-20 20:58:41,2025-08-10 02:15:03
1527,PF,Caio Farias,nan,8581402500,nan,caio.farias.1527@example.com,5554923324165,True,2024-07-02 20:45:26,2026-04-02 17:12:51
1528,PF,Yan Ferreira,nan,28965699444,nan,yan.ferreira.1528@example.com,5583996607344,True,2022-11-12 08:08:18,2025-11-20 16:04:44
1529,PF,Olivia Santos,nan,63243474,nan,olivia.santos.1529@example.com,5562915958417,True,2026-11-25 08:50:10,2026-11-28 14:44:22
1530,PF,Danilo Lima,nan,53732661750,nan,danilo.lima.1530@example.com,5570950221816,True,2024-02-16 17:17:15,2026-03-27 04:47:07
1531,PJ,Ramos Ltda.,da Conceição Ltda.,57508271000170,476094837,ramos.ltda.1531@example.com,55040929286433,False,2020-07-22 08:11:32,2026-07-22 15:08:27
1532,PJ,Cassiano - ME,Souza,91174339000160,099621836,cassiano.me.1532@example.com,5577919666610,True,2023-05-23 23:10:26,2024-08-13 13:22:51
1533,PJ,Dias Souza - ME,da Mota Cavalcanti S/A,63134786000150,222349980,dias.souza.me.1533@example.com,5537968367590,True,2020-09-26 11:09:31,2024-01-29 12:19:58
1534,PF,Renan Machado,nan,12174200376,nan,renan.machado.1534@example.com,5515924461440,True,2021-03-15 03:06:05,2024-08-02 12:18:40
1535,PJ,Cunha da Cruz Ltda.,Marques Ltda.,61127636000193,656426018,cunha.da.cruz.ltda.1535@example.com,5537926319956,True,2024-03-15 16:01:41,2026-11-05 19:43:11
1536,PF,Lívia Fogaça,nan,8247541904,nan,l.via.foga.a.1536@example.com,5522977641490,False,2022-03-27 05:23:52,2026-06-01 16:12:04
1537,PJ,Cunha - EI Ltda,nan,59831994000130,502551344,cunha.ei.ltda.1537@example.com,5586972288390,True,2025-02-07 09:42:30,2026-02-10 05:05:19
1538,PF,Ravy Sá,nan,92189327210,nan,ravy.s.1538@example.com,5531945461574,True,2026-12-26 08:43:52,2026-12-31 10:01:16
1539,PJ,Cassiano Fogaça S/A ME,da Luz e Filhos,63336116000116,978879531,cassiano.foga.a.s.a.me.1539@example.com,55004909543776,True,2022-11-15 16:23:26,2024-08-17 06:46:51
1540,PF,Aylla Moraes,nan,91479070378,nan,aylla.moraes.1540@example.com,5508958001873,True,2023-12-23 06:32:36,2024-01-30 07:15:45
1541,PJ,das Neves S.A.,nan,6904945000114,915114367,das.neves.s.a.1541@example.com,5562910781871,True,2023-10-02 07:34:09,2025-09-02 19:58:32
1542,PF,Nathan Pires,nan,30674857429,nan,nathan.pires.1542@example.com,5556942570680,True,2024-10-28 09:51:56,2025-07-02 10:23:06
1543,PF,Paulo Pacheco,nan,37250636995,nan,paulo.pacheco.1543@example.com,5531954230600,True,2020-06-07 14:09:01,2025-09-17 11:25:06
1544,PJ,Correia Aragão S.A.,nan,64126493000193,865505224,correia.arag.o.s.a.1544@example.com,5514920667015,True,2025-02-23 05:47:20,2026-09-24 08:20:57
1545,PF,José Miguel Dias,nan,52699048100,nan,jos.miguel.dias.1545@example.com,5592901663382,True,2026-01-11 19:42:29,2026-03-01 12:36:31
1546,PJ,Carvalho Carvalho Ltda.,Andrade Ltda.,73959637000183,392220562,carvalho.carvalho.ltda.1546@example.com,5519901134843,True,2026-10-05 15:56:37,2026-10-24 00:06:43
1547,PJ,Oliveira Brito S.A.,nan,72505731000108,325286132,oliveira.brito.s.a.1547@example.com,5594956452342,True,2021-09-15 21:29:34,2026-02-03 05:34:44
1548,PF,Maria Liz da Rosa,nan,33936913846,nan,maria.liz.da.rosa.1548@example.com,5597960249866,True,2022-10-18 16:54:10,2026-01-17 21:12:22
1549,PJ,da Mata Cavalcanti e Filhos Ltda,Siqueira - EI,82136974000161,536773498,da.mata.cavalcanti.e.filhos.ltda.1549@example.com,5529973561526,True,2022-11-15 11:39:34,2026-04-30 11:23:06
1550,PF,Maria Eduarda Farias,nan,16141220088,nan,maria.eduarda.farias.1550@example.com,5514976253809,True,2023-02-24 00:13:39,2023-06-15 21:39:16
1551,PJ,Leão EIRELI,Caldeira,87759268000190,475336952,le.o.eireli.1551@example.com,5574966535389,False,2026-03-20 10:26:31,2026-07-16 12:15:58
1552,PJ,Cardoso S.A.,Souza,54815785000180,324367924,cardoso.s.a.1552@example.com,5557912763835,True,2025-12-06 06:23:45,2026-05-08 08:17:40
1553,PJ,Cunha S.A.,Jesus,38902520000162,858639061,cunha.s.a.1553@example.com,5582949793998,True,2020-08-20 00:01:47,2024-12-12 09:57:49
1554,PF,Ana Vitória Leão,nan,4484356830,nan,ana.vit.ria.le.o.1554@example.com,5553981168371,True,2024-08-14 14:49:29,2025-02-01 21:13:39
1555,PJ,da Cruz S/A ME,nan,51524377000180,726072014,da.cruz.s.a.me.1555@example.com,5596978082649,True,2020-09-07 20:29:47,2021-07-01 19:15:13
1556,PJ,Campos Cardoso S/A EIRELI,Gonçalves,77472502000140,394762542,campos.cardoso.s.a.eireli.1556@example.com,5526945633917,True,2025-05-04 17:04:20,2025-06-15 05:50:55
1557,PF,Kaique Albuquerque,nan,50213465124,nan,kaique.albuquerque.1557@example.com,5569948112664,True,2020-11-27 13:55:58,2025-11-28 02:01:48
1558,PF,Natália Borges,nan,70316451070,nan,nat.lia.borges.1558@example.com,5567906833539,True,2020-09-03 03:36:09,2023-08-16 20:05:12
1559,PF,Arthur Gabriel Caldeira,nan,52021345505,nan,arthur.gabriel.caldeira.1559@example.com,5512959016399,True,2026-07-14 20:02:41,2026-10-27 11:41:05
1560,PF,Arthur Gabriel Teixeira,nan,43551764603,nan,arthur.gabriel.teixeira.1560@example.com,5533934437673,True,2022-05-15 18:03:51,2026-10-08 04:25:33
1561,PF,Kamilly Nascimento,nan,15189275728,nan,kamilly.nascimento.1561@example.com,5540998410167,True,2023-05-07 12:25:06,2026-06-11 05:02:46
1562,PJ,Andrade Barbosa Ltda.,Caldeira - ME,27792986000136,049910042,andrade.barbosa.ltda.1562@example.com,5528986616801,True,2024-08-02 02:53:11,2025-12-04 17:24:03
1563,PF,Ana Cecília da Cruz,nan,28050859576,nan,ana.cec.lia.da.cruz.1563@example.com,5521934854842,True,2025-09-01 21:36:28,2026-12-11 13:36:59
1564,PJ,Costela Ltda.,Barbosa Lima S/A,75016253000152,791791386,costela.ltda.1564@example.com,5515791171321,True,2021-08-25 02:10:01,2026-10-26 04:01:16
1565,PJ,Almeida EIRELI,nan,55947228000185,247028814,almeida.eireli.1565@example.com,5512987452719,True,2025-06-11 00:46:26,2026-12-21 04:06:46
1566,PF,Pedro Henrique Melo,nan,66647761462,nan,pedro.henrique.melo.1566@example.com,5557964639138,True,2025-05-12 17:21:54,2026-03-29 14:27:58
1567,PF,Arthur Miguel Porto,nan,85498771665,nan,arthur.miguel.porto.1567@example.com,55049916194232,True,2023-07-26 07:32:09,2025-05-22 16:15:04
1568,PF,Luiz Fernando da Paz,nan,71973733528,nan,luiz.fernando.da.paz.1568@example.com,5513915350696,True,2022-07-16 11:41:35,2023-10-27 18:29:07
1569,PJ,Gomes Azevedo - ME,Ferreira,8488772000126,525274102,gomes.azevedo.me.1569@example.com,5547917989948,True,2022-06-24 13:52:38,2024-05-14 18:58:14
1570,PF,Maria Alice Lima,nan,42679699572,nan,maria.alice.lima.1570@example.com,5594989930051,True,2026-11-28 14:28:21,2026-12-07 05:47:13
1571,PJ,Lopes Ltda,Ferreira,64624247000161,635584227,lopes.ltda.1571@example.com,5572966256504,True,2026-06-24 01:27:51,2026-10-30 21:12:59
1572,PF,Alexia Melo,nan,74253718809,nan,alexia.melo.1572@example.com,5501944130686,False,2022-11-03 07:08:59,2025-03-17 08:46:38
1573,PF,José Pedro Aparecida,nan,74019776997,nan,jos.pedro.aparecida.1573@example.com,5571900668904,False,2021-03-08 08:16:50,2024-07-04 05:51:28
1574,PF,Ryan Carvalho,nan,99214432163,nan,ryan.carvalho.1574@example.com,5520976238115,True,2022-12-18 05:34:48,2023-05-25 04:14:49
1575,PF,Elisa Carvalho,nan,64400778720,nan,elisa.carvalho.1575@example.com,5528922282408,True,2020-04-20 07:42:23,2022-10-08 15:55:10
1576,PF,Ravy Duarte,nan,60389194816,nan,ravy.duarte.1576@example.com,55083959994004,True,2023-04-05 08:00:06,2025-02-23 20:30:55
1577,PF,Arthur Miguel Silveira,nan,40385916116,nan,arthur.miguel.silveira.1577@example.com,5547991351135,True,2023-02-03 22:39:38,2026-06-23 01:52:57
1578,PF,Ana Vasconcelos,nan,9055223115,nan,ana.vasconcelos.1578@example.com,5535972289206,True,2020-04-14 03:14:18,2022-01-22 19:45:09
1579,PJ,Campos Ltda,nan,31228486000143,578097830,campos.ltda.1579@example.com,55080910419453,True,2024-02-13 09:32:50,2026-05-19 06:06:36
1580,PF,Breno Pimenta,nan,34301938850,nan,breno.pimenta.1580@example.com,5528914478674,True,2026-10-06 15:04:46,2026-12-18 06:57:18
1581,PJ,Novaes Andrade S.A.,Ramos - EI,14481123000104,893063578,novaes.andrade.s.a.1581@example.com,5537989121397,True,2023-05-01 14:52:22,2025-07-18 10:34:51
1582,PJ,da Costa ME,Peixoto,27377291000198,905585575,da.costa.me.1582@example.com,5594908429069,True,2022-03-25 15:50:40,2026-11-12 06:16:12
1583,PJ,Nunes S.A.,Sales Ltda.,27806300000119,528986061,nunes.s.a.1583@example.com,5565967337457,True,2020-01-24 14:45:04,2021-01-22 17:26:26
1584,PF,Bryan Guerra,nan,14946578056,nan,a@a.com,5527961368149,True,2025-12-25 10:13:07,2026-04-08 16:47:56
1585,PF,Ana Laura Carvalho,nan,44833981726,nan,ana.laura.carvalho.1585@example.com,5530984376992,True,2021-08-19 06:25:05,2022-01-26 02:42:23
1586,PF,Maria Laura da Rocha,nan,9531167435,nan,maria.laura.da.rocha.1586@example.com,5547972508423,True,2026-02-24 08:02:54,2026-08-20 20:29:57
1587,PF,Srta. Isis Cavalcanti,nan,6441991217,nan,srta.isis.cavalcanti.1587@example.com,5548900417241,True,2026-08-12 10:26:43,2026-11-20 14:45:28
1588,PJ,Fernandes S.A.,Gonçalves Peixoto S/A,57416946000150,585574906,fernandes.s.a.1588@example.com,55079960242570,True,2026-08-09 11:52:01,2026-10-08 15:48:58
1589,PF,Heitor Câmara,nan,58239831311,nan,heitor.c.mara.1589@example.com,55095994523158,False,2021-07-13 16:04:04,2023-01-23 11:14:41
1590,PF,Vinicius Gomes,nan,37079594146,nan,vinicius.gomes.1590@example.com,5504902966299,True,2020-05-07 13:39:02,2024-06-13 00:46:12
1591,PF,Pedro Miguel Castro,nan,62271549620,nan,pedro.miguel.castro.1591@example.com,5574929220416,True,2023-01-21 09:12:38,2023-10-30 19:51:02
1592,PF,Ágatha Vargas,nan,3087487430,nan,gatha.vargas.1592@example.com,55015939266937,True,2024-01-23 15:25:59,2024-03-19 21:12:47
1593,PJ,Gonçalves S.A.,Fogaça Sá S/A,18415752000189,313928048,gon.alves.s.a.1593@example.com,5502920619019,True,2025-05-01 04:13:45,2026-03-30 19:08:06
1594,PF,Joaquim Cunha,nan,70707185009,nan,joaquim.cunha.1594@example.com,5593979719000,True,2022-11-16 01:20:17,2023-05-20 14:58:47
1595,PJ,Cirino e Filhos Ltda,Lopes,1064046000137,162256471,cirino.e.filhos.ltda.1595@example.com,5555994079923,True,2025-07-23 21:44:03,2025-10-30 16:21:01
1596,PF,João Pedro Vieira,nan,30304796760,nan,jo.o.pedro.vieira.1596@example.com,5532931677814,True,2020-05-14 06:04:40,2023-08-28 01:22:12
1597,PJ,Garcia ME,nan,69670053000116,474370194,garcia.me.1597@example.com,5539911776665,True,2024-11-04 21:39:46,2025-04-12 19:05:36
1598,PF,Luiz Felipe Cavalcanti,nan,60022912290,nan,luiz.felipe.cavalcanti.1598@example.com,55061920928157,True,2020-08-12 22:10:58,2025-12-17 11:48:57
1599,PF,Ana Laura Jesus,nan,82352497582,nan,ana.laura.jesus.1599@example.com,5590922311678,False,2022-06-26 06:04:51,2023-09-30 19:22:40
1600,PF,Melina Alves,nan,45908160245,nan,melina.alves.1600@example.com,5576935322371,True,2026-06-11 05:06:13,2026-09-30 17:18:11
1601,PF,Maria Alice Pacheco,nan,76351303745,nan,maria.alice.pacheco.1601@example.com,55012968485637,False,2021-02-15 13:41:32,2025-03-13 13:46:52
1602,PF,Bryan da Paz,nan,41104056020,nan,bryan.da.paz.1602@example.com,55094930003753,True,2026-09-23 23:00:09,2026-12-25 08:46:15
1603,PJ,da Cruz Sampaio e Filhos EIRELI,Costela S.A.,21284943000163,465986693,da.cruz.sampaio.e.filhos.eireli.1603@example.com,55078941783765,True,2023-10-25 04:43:36,2026-10-06 10:19:49
1604,PJ,Fernandes S.A.,Aparecida Brito S/A,99336289000181,406526642,fernandes.s.a.1604@example.com,5573951272455,True,2026-09-13 23:07:50,2026-10-05 05:02:43
1605,PF,Josué Mendonça,nan,18600324351,nan,josu.mendon.a.1605@example.com,5565969764878,True,2023-09-29 09:46:07,2025-07-21 09:06:53
1606,PF,Paulo Castro,nan,75410317475,nan,paulo.castro.1606@example.com,55049945104625,True,2023-11-30 18:53:16,2026-06-11 09:45:12
1607,PJ,Jesus - EI Ltda,nan,6706278000165,296568512,jesus.ei.ltda.1607@example.com,5562976729350,True,2024-07-05 20:04:02,2025-04-26 11:09:45
1608,PF,Maysa Pacheco,nan,81882897447,nan,maysa.pacheco.1608@example.com,5544921291465,True,2020-06-30 13:48:59,2022-01-30 03:17:59
1609,PF,Francisco Casa Grande,nan,45537567652,nan,francisco.casa.grande.1609@example.com,5547978045797,True,2023-01-17 01:29:28,2024-02-28 11:33:31
1610,PJ,Freitas Camargo - EI ME,Sampaio,72273511000198,070339821,freitas.camargo.ei.me.1610@example.com,5578923372094,True,2023-07-20 23:07:48,2024-09-21 10:16:47
1611,PF,Sr. Miguel Mendonça,nan,5060379167,nan,sr.miguel.mendon.a.1611@example.com,5570963632863,True,2022-07-11 15:32:08,2023-07-19 02:53:07
1612,PJ,Camargo S/A ME,Vieira Cassiano S/A,54111484000175,084842648,camargo.s.a.me.1612@example.com,5533967960828,True,2023-03-08 12:10:41,2026-09-14 00:36:35
1613,PJ,Monteiro EIRELI,Sampaio S.A.,77130187000172,605494692,monteiro.eireli.1613@example.com,5585964901324,True,2022-02-27 15:59:26,2025-01-22 18:50:23
1614,PF,Maria Eduarda Teixeira,nan,16105850700,nan,maria.eduarda.teixeira.1614@example.com,5593950011546,True,2024-11-13 08:36:40,2026-06-17 15:49:59
1615,PJ,Melo Ltda.,Nogueira S/A,11266341000120,388904410,melo.ltda.1615@example.com,5504931566851,True,2023-11-27 15:04:24,2026-11-12 01:03:49
1616,PF,Hadassa Farias,nan,83541171979,nan,hadassa.farias.1616@example.com,5581948374755,True,2024-10-15 21:48:01,2025-10-20 22:59:39
1617,PF,Ana Julia Costa,nan,59860224838,nan,ana.julia.costa.1617@example.com,5590916856471,True,2021-07-26 07:41:18,2021-09-12 12:10:41
1618,PF,Milena Novaes,nan,38600373743,nan,milena.novaes.1618@example.com,5501990271698,True,2023-01-24 16:45:20,2024-08-27 06:39:38
1619,PF,Dra. Gabrielly Mendes,nan,99581030956,nan,dra.gabrielly.mendes.1619@example.com,5561915866861,False,2025-09-29 21:36:30,2026-12-23 22:54:29
1620,PF,Ravy Gomes,nan,65225228534,nan,ravy.gomes.1620@example.com,55059983326170,True,2022-06-05 22:35:59,2024-11-22 15:24:20
1621,PJ,Alves Ltda,Nascimento,67560490000151,353458195,alves.ltda.1621@example.com,5557928535339,True,2023-10-15 01:35:10,2024-03-02 06:05:49
1622,PJ,da Paz Castro - ME,Ribeiro,53744761000114,217758015,da.paz.castro.me.1622@example.com,5546968793030,True,2020-10-28 10:17:54,2024-10-25 04:31:29
1623,PF,Théo Fernandes,nan,23738894632,nan,th.o.fernandes.1623@example.com,5527927669834,True,2023-03-17 18:33:44,2025-04-08 09:14:26
1624,PF,Sr. Léo Sousa,nan,17609734080,nan,sr.l.o.sousa.1624@example.com,5525928546130,True,2025-04-01 23:25:53,2026-07-27 08:10:22
1625,PF,Nina Correia,nan,57669406,nan,nina.correia.1625@example.com,5589972073827,True,2024-12-07 07:40:28,2025-09-22 01:10:47
1626,PF,Olivia Marques,nan,39554293852,nan,olivia.marques.1626@example.com,5518942527863,True,2020-01-27 06:50:45,2021-11-11 09:02:05
1627,PJ,Vasconcelos - EI S.A.,Albuquerque - ME,4605444000101,121024234,vasconcelos.ei.s.a.1627@example.com,5573905777196,False,2020-05-24 04:20:01,2023-03-07 08:06:32
1628,PF,Renan Caldeira,nan,82567141740,nan,renan.caldeira.1628@example.com,5559965667640,True,2026-08-29 02:20:05,2026-10-05 17:36:47
1629,PJ,Moura S.A.,Correia da Paz Ltda.,58885463000168,009522426,moura.s.a.1629@example.com,5537993221914,True,2022-05-04 17:38:07,2026-10-10 13:23:15
1630,PJ,Pinto Santos S/A ME,Almeida,59816124000192,547360157,pinto.santos.s.a.me.1630@example.com,5511950101626,True,2020-09-26 12:57:48,2020-12-13 07:58:36
1631,PF,Arthur Montenegro,nan,82202380540,nan,arthur.montenegro.1631@example.com,5526958934759,True,2024-05-06 04:02:29,2024-12-25 13:00:50
1632,PF,Gabrielly Câmara,nan,35177018075,nan,gabrielly.c.mara.1632@example.com,5548983571921,True,2025-07-18 16:30:30,2026-04-18 13:45:09
1633,PJ,Oliveira ME,Melo,18667746000119,914638664,oliveira.me.1633@example.com,5520931726652,True,2022-12-31 05:00:57,2024-06-08 21:59:31
1634,PJ,das Neves Gonçalves - EI S.A.,da Luz,28773832000160,927240002,das.neves.gon.alves.ei.s.a.1634@example.com,5586901460519,True,2026-01-17 09:55:20,2026-04-27 04:17:00
1635,PF,Lucca da Mota,nan,52425338209,nan,lucca.da.mota.1635@example.com,5527916303356,True,2020-10-13 12:12:34,2025-03-25 01:45:45
1636,PF,Helena Garcia,nan,48231525149,nan,helena.garcia.1636@example.com,5530910009089,True,2023-05-06 03:12:45,2024-10-17 18:50:22
1637,PF,Isabela Azevedo,nan,60284902616,nan,isabela.azevedo.1637@example.com,5578910480283,True,2022-12-02 13:11:17,2025-03-20 00:03:23
1638,PF,Dr. Benício Farias,nan,99682573467,nan,dr.ben.cio.farias.1638@example.com,5592990930437,True,2021-09-24 08:48:52,2025-10-23 22:49:15
1639,PF,Mariana Borges,nan,44700750944,nan,mariana.borges.1639@example.com,5566928081226,True,2025-09-21 06:03:02,2026-12-08 05:43:58
1640,PF,Ana Lívia Ferreira,nan,36854472466,nan,ana.l.via.ferreira.1640@example.com,5547947053110,True,2023-01-31 15:04:21,2023-02-26 07:50:16
1641,PF,Sr. Joaquim Albuquerque,nan,90460388746,nan,sr.joaquim.albuquerque.1641@example.com,5567939798421,True,2024-08-21 09:02:37,2025-05-31 14:36:34
1642,PF,Camila Souza,nan,39213072104,nan,camila.souza.1642@example.com,5526993765016,True,2024-01-02 18:22:04,2025-11-13 21:58:00
1643,PF,Mariane Mendes,nan,98539134454,nan,mariane.mendes.1643@example.com,5587976288363,True,2024-01-19 18:14:21,2025-10-07 21:50:03
1644,PJ,Nogueira ME,nan,15842569000171,850162762,nogueira.me.1644@example.com,5522966678809,True,2022-04-06 15:37:59,2026-03-12 21:55:49
1645,PF,Dra. Evelyn Machado,nan,44069405291,nan,dra.evelyn.machado.1645@example.com,5516952289890,True,2021-05-14 10:27:26,2026-10-21 21:29:59
1646,PJ,da Rocha S.A.,Dias Nunes - EI,81877079000135,125597772,da.rocha.s.a.1646@example.com,5559976408385,True,2021-08-11 07:18:03,2023-06-13 11:44:57
1647,PF,Dra. Amanda Dias,nan,46091102532,nan,dra.amanda.dias.1647@example.com,5514917165789,True,2022-09-29 04:03:20,2026-06-20 15:14:50
1648,PF,Bernardo Carvalho,nan,71414950292,nan,bernardo.carvalho.1648@example.com,5556951887114,True,2023-11-23 10:02:38,2024-07-07 18:10:58
1649,PF,Mariane Aparecida,nan,94290269338,nan,mariane.aparecida.1649@example.com,5550909244928,True,2022-09-17 12:10:48,2024-04-07 20:27:12
1650,PJ,Novais S.A.,nan,55221832000120,757030293,novais.s.a.1650@example.com,5511925018607,True,2024-06-01 14:36:29,2025-09-18 09:08:45
1651,PF,Enzo Gabriel Oliveira,nan,34723297693,nan,enzo.gabriel.oliveira.1651@example.com,5569952223369,True,2021-04-22 19:01:36,2026-02-16 07:53:59
1652,PJ,Campos Porto - EI EIRELI,Gomes S.A.,67348936000189,007302426,campos.porto.ei.eireli.1652@example.com,5524997537405,True,2023-12-02 02:22:33,2024-06-14 04:53:21
1653,PF,Ayla Ramos,nan,67904645491,nan,ayla.ramos.1653@example.com,5546995674068,True,2020-10-07 07:38:45,2024-11-29 08:38:34
1654,PJ,Viana ME,nan,2658133000185,354453451,viana.me.1654@example.com,5566988658348,True,2022-07-13 10:14:10,2022-12-27 04:16:34
1655,PF,Juan Novais,nan,33638126552,nan,juan.novais.1655@example.com,5558962673664,False,2021-08-22 13:48:50,2024-10-17 06:20:38
1656,PF,Luara da Costa,nan,86622631271,nan,luara.da.costa.1656@example.com,55007975870894,True,2023-03-05 12:35:45,2026-09-03 18:34:37
1657,PJ,Castro Vargas e Filhos ME,Vargas,88748800000136,983443695,castro.vargas.e.filhos.me.1657@example.com,5505904505092,True,2026-08-26 13:28:32,2026-10-04 00:17:58
1658,PJ,Guerra ME,Cavalcante,6589081000193,007342939,nan,5577937295450,True,2025-01-29 14:18:40,2026-08-08 08:28:44
1659,PF,Arthur Azevedo,nan,48645678160,nan,arthur.azevedo.1659@example.com,5525985150204,True,2025-09-03 18:25:50,2026-12-25 22:23:42
1660,PJ,Almeida Ltda,Novais Brito Ltda.,12269872000139,353127943,almeida.ltda.1660@example.com,5579953111235,True,2023-04-11 02:26:31,2024-05-31 14:03:49
1661,PF,Ana da Mota,nan,33778982478,nan,ana.da.mota.1661@example.com,55065927428662,True,2023-01-27 22:33:24,2025-08-19 08:19:29
1662,PJ,Camargo EIRELI,Moura Ltda.,94479502000190,738385545,camargo.eireli.1662@example.com,5546909193511,True,2023-02-15 05:33:24,2026-10-08 01:52:02
1663,PF,Liz Ferreira,nan,8680980510,nan,liz.ferreira.1663@example.com,5553970627281,True,2020-07-20 07:29:17,2025-06-14 22:04:20
1664,PF,Mirella Costa,nan,45065777365,nan,mirella.costa.1664@example.com,5574961215756,True,2023-07-19 13:36:47,2024-06-10 02:36:58
1665,PF,Dra. Eloah Teixeira,nan,97630246099,nan,dra.eloah.teixeira.1665@example.com,5541926084818,True,2023-06-12 15:16:10,2026-05-01 07:19:22
1666,PF,Melina Gonçalves,nan,77015876400,nan,melina.gon.alves.1666@example.com,55009990693196,True,2025-08-05 12:43:15,2026-12-01 22:08:13
1667,PJ,Almeida Vieira S.A.,Barbosa,73725224000134,670450599,almeida.vieira.s.a.1667@example.com,5522967312343,True,2024-02-22 16:01:32,2026-10-11 02:38:41
1668,PF,Vitória Andrade,nan,80683183486,nan,vit.ria.andrade.1668@example.com,5585914202593,True,2022-10-16 08:19:42,2022-12-04 21:30:55
1669,PJ,da Rosa ME,nan,89247000126,502823134,da.rosa.me.1669@example.com,55075957672991,True,2025-10-01 06:19:35,2026-12-27 23:29:44
1670,PF,Lucas da Rocha,nan,99552238633,nan,lucas.da.rocha.1670@example.com,5504943183436,True,2023-12-23 17:24:23,2024-04-01 02:25:46
1671,PF,Maria Fernanda Câmara,nan,47069515774,nan,maria.fernanda.c.mara.1671@example.com,5502997711506,True,2026-06-28 12:16:43,2026-07-15 22:47:45
1672,PJ,Rodrigues Pacheco S/A ME,nan,56841319000102,792651732,rodrigues.pacheco.s.a.me.1672@example.com,5516929108739,True,2026-01-24 15:33:08,2026-07-12 20:56:52
1673,PJ,Castro Brito - EI Ltda,Gonçalves Nunes S/A,60862638000163,573767105,castro.brito.ei.ltda.1673@example.com,55098977074599,False,2021-11-06 22:35:29,2023-01-23 17:05:55
1674,PJ,Freitas S.A.,nan,87758563000121,044500202,freitas.s.a.1674@example.com,5583987890345,True,2023-12-10 12:02:55,2026-09-14 06:06:43
1675,PF,Enzo Gabriel Peixoto,nan,12576424481,nan,enzo.gabriel.peixoto.1675@example.com,5586976030409,True,2023-11-01 21:31:27,2026-02-09 21:39:31
1676,PF,Srta. Júlia Jesus,nan,88364940481,nan,srta.j.lia.jesus.1676@example.com,55054918236881,False,2025-12-08 15:50:26,2026-08-08 07:11:50
1677,PJ,Barbosa S.A.,Machado Cavalcanti S/A,94555948000157,051334601,barbosa.s.a.1677@example.com,5542920138825,True,2023-05-14 04:08:31,2026-02-28 20:54:44
1678,PJ,Cavalcanti Andrade - EI EIRELI,Rodrigues Siqueira S/A,78041338000189,681636038,cavalcanti.andrade.ei.eireli.1678@example.com,5517936907894,True,2022-10-19 02:21:01,2025-12-09 07:30:17
1679,PJ,Lima ME,nan,38513719000107,720005214,lima.me.1679@example.com,5507907163485,True,2021-05-01 06:16:40,2024-05-15 21:29:14
1680,PJ,Vieira e Filhos S.A.,Caldeira,34846137000183,237085119,vieira.e.filhos.s.a.1680@example.com,5594945456972,True,2022-11-24 08:24:31,2025-11-25 19:24:31
1681,PF,Maria Laura Ferreira,nan,46492628446,nan,maria.laura.ferreira.1681@example.com,5561992767137,True,2024-09-28 21:26:52,2025-11-29 14:11:07
1682,PF,Bruna Sales,nan,3009549300,nan,bruna.sales.1682@example.com,5586926395612,True,2020-02-17 11:32:23,2022-06-04 19:01:36
1683,PF,Sra. Maria Helena Vasconcelos,nan,40737364505,nan,sra.maria.helena.vasconcelos.1683@example.com,55083905573713,True,2025-05-21 00:36:09,2025-07-24 04:02:29
1684,PF,Valentina Mendes,nan,26063326448,nan,valentina.mendes.1684@example.com,5502923461446,True,2025-10-31 09:35:28,2026-01-25 13:19:24
1685,PF,Emanuelly Monteiro,nan,31099041791,nan,emanuelly.monteiro.1685@example.com,5533904117614,True,2023-06-10 02:15:46,2026-06-28 22:50:53
1686,PF,Cauã Freitas,nan,42263502602,nan,cau.freitas.1686@example.com,55048931968636,True,2020-02-12 16:26:37,2026-02-14 14:31:26
1687,PF,Rhavi Alves,nan,92227772395,nan,rhavi.alves.1687@example.com,5565968969870,True,2020-01-31 13:35:10,2024-01-13 17:49:28
1688,PJ,Garcia Novaes - EI S.A.,Abreu Alves Ltda.,23137599000105,837936315,garcia.novaes.ei.s.a.1688@example.com,5522991270659,True,2023-07-12 18:30:44,2024-04-01 04:30:00
1689,PF,João Lucas Azevedo,nan,41234389622,nan,jo.o.lucas.azevedo.1689@example.com,5540962911872,True,2023-06-18 15:25:40,2026-10-24 23:40:39
1690,PF,Théo Castro,nan,9791931259,nan,th.o.castro.1690@example.com,5571983018179,True,2021-08-31 05:52:04,2021-12-25 20:25:28
1691,PF,Ana Júlia Mendes,nan,410458589,nan,ana.j.lia.mendes.1691@example.com,5578998497499,True,2024-12-13 20:42:37,2025-05-02 22:18:31
1692,PJ,Pinto Ltda,nan,34483270000112,905221711,pinto.ltda.1692@example.com,5586956581898,True,2020-04-22 17:45:57,2020-05-09 09:54:09
1693,PJ,Albuquerque - ME,nan,24659945000188,173563163,albuquerque.me.1693@example.com,5529975572616,True,2026-05-07 08:42:25,2026-11-01 17:29:34
1694,PF,Lorena Pereira,nan,9010964159,nan,lorena.pereira.1694@example.com,5537988119389,True,2023-05-14 00:15:30,2025-11-30 23:23:30
1695,PF,Ana Júlia Gonçalves,nan,45977991410,nan,ana.j.lia.gon.alves.1695@example.com,5520913071675,True,2022-12-27 09:44:17,2023-08-13 21:14:05
1696,PJ,Vieira Rodrigues e Filhos EIRELI,Camargo Gomes S.A.,95743994000142,361317985,vieira.rodrigues.e.filhos.eireli.1696@example.com,5590904903729,True,2021-01-03 07:32:08,2021-09-22 12:04:05
1697,PF,Dr. Marcelo Moreira,nan,50442701721,nan,dr.marcelo.moreira.1697@example.com,5583956399812,True,2022-03-31 00:50:54,2022-11-04 18:49:23
1698,PF,Lara Siqueira,nan,63302625359,nan,lara.siqueira.1698@example.com,5592925517419,True,2024-10-05 03:21:41,2026-09-01 10:56:22
1699,PF,Dra. Ester Duarte,nan,99143430406,isento,dra.ester.duarte.1699@example.com,5514976212360,True,2026-01-02 22:32:28,2026-10-12 22:39:14
1700,PF,Vitor Hugo Gonçalves,nan,23214721038,nan,vitor.hugo.gon.alves.1700@example.com,5599945413845,True,2021-11-13 21:00:02,2022-05-28 02:57:07
1701,PJ,Brito Dias - ME,Vasconcelos Aragão - EI,97267466000190,307968590,brito.dias.me.1701@example.com,5564959872408,True,2024-01-08 04:40:17,2026-01-05 15:47:36
1702,PF,Dra. Emanuelly Sampaio,nan,35407134250,nan,dra.emanuelly.sampaio.1702@example.com,5577935166811,True,2023-08-22 23:25:25,2024-12-10 19:30:33
1703,PJ,Cunha Pinto - ME,Lima Machado S/A,84974967000164,721734024,cunha.pinto.me.1703@example.com,55022941983063,True,2025-09-20 00:56:07,2026-06-07 21:43:50
1704,PJ,Siqueira da Costa - ME,nan,97575749000107,540181444,siqueira.da.costa.me.1704@example.com,55048942024350,True,2026-05-21 02:17:36,2026-11-06 21:30:30
1705,PF,Dra. Lorena Macedo,nan,8709031871,nan,dra.lorena.macedo.1705@example.com,5551918615640,True,2020-04-29 12:36:45,2022-11-21 21:00:58
1706,PJ,Caldeira Ltda,Monteiro,27595966000175,539891370,caldeira.ltda.1706@example.com,5542945190826,True,2023-03-23 18:51:37,2024-11-08 03:20:28
1707,PF,Brayan Alves,nan,69129588774,nan,brayan.alves.1707@example.com,5556959429920,True,2024-02-29 21:29:58,2026-09-25 09:34:05
1708,PF,Emanuella da Costa,nan,89423827977,nan,emanuella.da.costa.1708@example.com,55066969692295,True,2023-04-14 05:01:04,2025-10-27 20:00:30
1709,PJ,da Conceição Nascimento - ME,nan,93971166000136,194118390,da.concei.o.nascimento.me.1709@example.com,5534924240662,True,2025-01-18 02:03:59,2026-10-18 08:25:02
1710,PF,Esther da Mata,nan,7565888397,nan,esther.da.mata.1710@example.com,5533948893343,True,2025-10-13 16:15:50,2026-04-01 17:06:56
1711,PJ,Freitas S.A.,Sousa - EI,85508049000102,669408654,freitas.s.a.1711@example.com,55043982692855,True,2022-05-29 07:08:24,2023-05-27 09:05:24
1712,PF,Rael da Mata,nan,44773060085,nan,rael.da.mata.1712@example.com,5550995288959,True,2026-08-24 19:36:30,2026-11-08 22:12:54
1713,PJ,Mendes ME,da Cruz - EI,62861868000133,696453591,mendes.me.1713@example.com,55065904718830,True,2024-07-11 06:00:55,2025-07-02 06:42:26
1714,PF,Luigi da Mota,nan,57450857707,nan,luigi.da.mota.1714@example.com,55088973449668,True,2026-07-20 19:14:45,2026-12-11 01:57:49
1715,PF,Marina Machado,nan,58395612745,nan,marina.machado.1715@example.com,5589994706170,True,2021-11-27 08:37:44,2024-05-17 04:15:16
1716,PF,Ana Júlia Barros,nan,77386503202,nan,ana.j.lia.barros.1716@example.com,5597911038471,True,2026-01-19 16:37:20,2026-04-18 08:06:32
1717,PJ,Gonçalves ME,nan,65029808000147,756650518,gon.alves.me.1717@example.com,5560916744923,True,2026-05-23 08:18:57,2026-10-24 16:51:22
1718,PF,Gustavo Henrique Freitas,nan,10966575890,nan,gustavo.henrique.freitas.1718@example.com,5569985045056,True,2023-05-18 04:51:44,2025-08-06 12:58:07
1719,PJ,Santos S.A.,nan,15923239000100,937540242,santos.s.a.1719@example.com,5561978925714,True,2025-02-08 08:05:35,2026-06-03 17:50:13
1720,PF,Davi Lucca Farias,nan,25857141443,nan,davi.lucca.farias.1720@example.com,5538957626481,True,2023-03-16 18:38:19,2023-06-07 21:51:37
1721,PF,Maria Sophia Teixeira,nan,72156455848,nan,maria.sophia.teixeira.1721@example.com,5584993680635,True,2024-04-30 22:42:18,2025-09-29 17:57:38
1722,PF,Marcela Câmara,nan,77185219230,nan,marcela.c.mara.1722@example.com,5510912789695,True,2023-10-31 02:08:15,2024-04-17 13:46:26
1723,PF,Gustavo Henrique Abreu,nan,14911822104,nan,gustavo.henrique.abreu.1723@example.com,5585927758670,True,2026-02-08 11:04:31,2026-06-12 16:00:28
1724,PJ,Gomes Duarte - ME,Aragão Correia e Filhos,51373822000159,634443946,gomes.duarte.me.1724@example.com,5596933181233,True,2026-01-06 01:31:41,2026-10-06 12:40:37
1725,PF,Dr. Otto Borges,nan,68896554519,nan,dr.otto.borges.1725@example.com,55007931744577,True,2026-11-30 08:30:58,2026-12-04 10:47:40
1726,PF,Emanuella Rocha,nan,58455343729,nan,emanuella.rocha.1726@example.com,5526936785089,True,2023-07-30 18:30:00,2024-10-02 11:52:31
1727,PJ,Monteiro Ltda,Viana,20893561000174,759443485,monteiro.ltda.1727@example.com,55095937740376,True,2026-10-26 00:46:58,2026-12-21 07:28:22
1728,PF,Mariah Novais,nan,49180509720,nan,mariah.novais.1728@example.com,55040942076751,True,2026-04-10 14:52:06,2026-11-10 00:21:17
1729,PF,Pedro Miguel Ferreira,nan,6043622777,nan,pedro.miguel.ferreira.1729@example.com,5541915733099,True,2022-08-10 02:15:48,2026-07-14 13:56:54
1730,PF,Arthur Gabriel Ramos,nan,72746175916,nan,arthur.gabriel.ramos.1730@example.com,5594906565823,True,2022-04-04 18:51:51,2026-10-11 00:54:53
1731,PF,Sra. Julia Fernandes,nan,44073488953,nan,sra.julia.fernandes.1731@example.com,5585965352326,True,2025-04-17 15:27:41,2026-05-12 04:57:30
1732,PF,Ana Beatriz Pires,nan,71449548148,nan,ana.beatriz.pires.1732@example.com,5504970911034,True,2024-02-02 23:43:13,2026-01-14 16:04:33
1733,PF,Maria Cecília Leão,nan,79086219535,nan,maria.cec.lia.le.o.1733@example.com,5519998996511,True,2020-05-28 12:16:13,2021-06-16 18:58:45
1734,PJ,Rodrigues Ltda.,nan,80249988000166,837466144,rodrigues.ltda.1734@example.com,55076918687047,True,2025-08-15 01:08:49,2026-03-06 17:55:04
1735,PF,Dra. Maria Sophia Guerra,nan,69680664759,nan,dra.maria.sophia.guerra.1735@example.com,5582990525659,True,2023-03-07 02:01:17,2023-09-19 15:11:30
1736,PF,Maria Fernanda Almeida,nan,30241974941,nan,fulano@example.com,5591942330292,True,2023-08-10 15:28:39,2024-12-19 22:32:03
1737,PF,Mariana da Paz,nan,72455409775,nan,mariana.da.paz.1737@example.com,5554973986221,True,2023-04-12 16:49:26,2023-07-09 12:06:01
1738,PF,Benjamin Fogaça,nan,34458890662,nan,benjamin.foga.a.1738@example.com,5531986604747,True,2021-12-15 14:49:56,2026-09-04 11:25:17
1739,PF,Heitor Novaes,nan,66001376573,nan,heitor.novaes.1739@example.com,5514978524744,True,2026-07-11 01:51:36,2026-08-05 08:21:24
1740,PJ,Abreu Correia Ltda.,nan,69796088000104,944102387,abreu.correia.ltda.1740@example.com,5551986647741,False,2023-01-19 00:11:19,2026-11-01 18:08:24
1741,PF,Caleb Costela,nan,48011531514,nan,caleb.costela.1741@example.com,5518930258534,True,2021-03-17 14:24:10,2021-05-31 05:10:06
1742,PF,Luiza Nascimento,nan,80090637119,nan,luiza.nascimento.1742@example.com,5553998852178,True,2020-08-10 23:08:00,2021-05-10 21:31:01
1743,PF,Lunna Fernandes,nan,8578236475,nan,lunna.fernandes.1743@example.com,5590998412865,True,2026-07-13 02:53:50,2026-10-21 22:05:10
1744,PJ,Moreira S.A.,nan,68597625000116,167592383,moreira.s.a.1744@example.com,5593948918003,False,2022-02-14 16:21:50,2023-02-15 04:58:18
1745,PF,Ana Luiza da Luz,nan,92674462230,nan,ana.luiza.da.luz.1745@example.com,5534929242195,True,2026-12-26 18:49:52,2026-12-30 23:14:40
1746,PJ,Souza ME,Teixeira Aragão - EI,76556319000160,121852734,souza.me.1746@example.com,5514961331555,True,2021-05-26 14:36:02,2023-11-06 19:35:04
1747,PF,Benjamim Azevedo,nan,45100868228,nan,benjamim.azevedo.1747@example.com,5530930440778,True,2023-07-22 02:50:52,2026-08-03 15:55:05
1748,PJ,Rios e Filhos S.A.,Aragão - EI,93035253000181,659845576,rios.e.filhos.s.a.1748@example.com,5534954182991,True,2025-03-31 21:38:20,2026-05-24 09:42:03
1749,PJ,Jesus Pimenta - EI Ltda,Fernandes,73424400000106,206419106,jesus.pimenta.ei.ltda.1749@example.com,5566991008224,True,2023-10-19 12:32:50,2026-10-11 20:57:10
1750,PF,Davi Guerra,nan,35162412414,nan,davi.guerra.1750@example.com,5526982217562,True,2025-04-29 01:21:07,2025-12-25 00:00:21
1751,PF,Maria Helena Pinto,nan,49736533301,nan,maria.helena.pinto.1751@example.com,5562908347910,True,2026-09-10 05:35:59,2026-11-11 15:00:42
1752,PF,LUIZ FELIPE NUNES,nan,92804893995,nan,luiz.felipe.nunes.1752@example.com,5525972287032,True,2021-02-21 12:05:34,2026-01-02 03:57:47
1753,PF,Arthur Aparecida,nan,5420903849,nan,arthur.aparecida.1753@example.com,55048959724387,True,2026-08-18 19:01:40,2026-10-25 14:33:42
1754,PF,Diogo Pimenta,nan,80770655386,nan,diogo.pimenta.1754@example.com,5514952058028,True,2026-09-13 09:07:06,2026-12-06 05:50:23
1755,PF,Allana Garcia,nan,19506887802,nan,allana.garcia.1755@example.com,5548902240654,False,2023-03-11 00:17:58,2025-11-09 03:58:20
1756,PJ,da Luz Ltda,Guerra,22205653000140,950904189,da.luz.ltda.1756@example.com,5556964301655,True,2020-11-22 22:24:55,2023-03-11 03:15:41
1757,PF,Catarina Câmara,nan,99629056135,nan,catarina.c.mara.1757@example.com,5587988876569,True,2023-04-15 00:59:09,2025-05-10 07:45:22
1758,PJ,Barbosa Costela - ME,nan,96210538000108,062290113,barbosa.costela.me.1758@example.com,5560947947199,True,2024-07-08 01:25:30,2025-12-12 18:15:56
1759,PJ,Cunha - EI ME,Costela Ltda.,15656122000108,148953829,cunha.ei.me.1759@example.com,5541991479053,True,2026-11-06 17:44:07,2026-12-23 05:44:27
1760,PJ,Macedo ME,nan,18552301000193,283951673,macedo.me.1760@example.com,5595932670848,True,2025-06-19 12:15:47,2026-10-26 01:18:05
1761,PF,Maria Luiza Pires,nan,14269929391,nan,maria.luiza.pires.1761@example.com,5565962925822,True,2026-11-04 23:26:35,2026-12-10 18:18:26
1762,PJ,Silva Nascimento S/A EIRELI,nan,43825980000174,183235306,silva.nascimento.s.a.eireli.1762@example.com,5585968467678,True,2021-07-12 08:23:31,2022-02-16 13:02:35
1763,PJ,Pimenta - ME,Duarte,88536670000178,837449597,pimenta.me.1763@example.com,5521935317555,True,2021-04-25 09:14:59,2026-12-14 18:21:20
1764,PJ,Montenegro Sampaio - EI ME,da Mota,80044028000160,874114862,montenegro.sampaio.ei.me.1764@example.com,5575911997645,True,2023-07-12 13:03:28,2025-11-01 10:03:14
1765,PJ,da Mata Pimenta - ME,Viana,30886427000108,515641967,da.mata.pimenta.me.1765@example.com,5596930093582,False,2026-02-02 19:22:26,2026-02-26 20:31:05
1766,PF,Daniel Gonçalves,nan,16832829736,nan,daniel.gon.alves.1766@example.com,5501959722422,True,2025-01-31 01:49:10,2025-06-28 19:22:27
1767,PJ,Teixeira ME,das Neves Vargas e Filhos,1369792000139,927668098,teixeira.me.1767@example.com,5560918040334,True,2023-09-14 20:33:55,2025-02-19 23:52:45
1768,PF,Alana Barbosa,nan,25004563071,nan,alana.barbosa.1768@example.com,5537935866715,True,2026-07-06 00:30:52,2026-11-28 04:27:32
1769,PF,Dr. João Gabriel Leão,nan,41467498165,nan,dr.jo.o.gabriel.le.o.1769@example.com,5553992609674,True,2021-02-26 22:22:58,2023-11-27 04:16:40
1770,PJ,Porto Ltda,Monteiro Carvalho S/A,72094461000181,536499119,porto.ltda.1770@example.com,55085967285021,True,2021-05-30 08:46:57,2026-01-11 05:16:30
1771,PJ,Duarte Ltda,Novais da Cruz S/A,48983821000111,775582126,duarte.ltda.1771@example.com,55064939567844,True,2026-02-07 04:08:58,2026-12-13 16:44:24
1772,PF,Sra. Agatha Machado,nan,23823454544,nan,sra.agatha.machado.1772@example.com,5590975199198,False,2021-06-24 05:13:47,2026-09-27 04:56:31
1773,PF,Rafael Mendes,nan,95126682202,nan,rafael.mendes.1773@example.com,5551929441492,True,2022-01-19 03:15:28,2022-03-26 01:50:14
1774,PF,Sr. Carlos Eduardo Lima,nan,63734802083,nan,sr.carlos.eduardo.lima.1774@example.com,5598928385974,True,2023-05-28 02:41:45,2025-06-15 02:18:42
1775,PF,Melina Lopes,nan,75869707188,nan,melina.lopes.1775@example.com,5565990705549,False,2021-04-16 23:00:11,2025-06-14 05:58:42
1776,PF,Gustavo Henrique Porto,nan,60714616265,nan,gustavo.henrique.porto.1776@example.com,5536987715692,True,2020-12-21 16:36:42,2023-03-25 05:02:28
1777,PF,Alexandre Pacheco,nan,84946095136,nan,alexandre.pacheco.1777@example.com,5590976341535,True,2021-01-18 13:31:39,2021-01-22 15:43:17
1778,PJ,Martins ME,Aragão e Filhos,40825286000169,011547734,martins.me.1778@example.com,5543914872255,True,2023-07-18 18:53:21,2026-03-16 15:54:54
1779,PF,Sarah Fernandes,nan,78814070261,nan,sarah.fernandes.1779@example.com,5541935474168,True,2023-03-28 21:20:34,2023-08-04 23:44:17
1780,PF,Dr. Ravi Lucca Cunha,nan,30108238350,nan,dr.ravi.lucca.cunha.1780@example.com,5552932855580,True,2026-07-31 11:44:19,2026-08-16 03:42:55
1781,PF,Manuella Mendonça,nan,32268017400,nan,manuella.mendon.a.1781@example.com,5547958166028,True,2020-10-23 02:47:18,2026-12-06 00:55:32
1782,PF,Dante Vasconcelos,nan,83954512459,nan,dante.vasconcelos.1782@example.com,5562933470407,True,2022-02-22 08:38:28,2025-09-20 11:10:35
1783,PJ,da Cunha - ME,nan,1392233000140,971479734,da.cunha.me.1783@example.com,5585959508374,True,2021-01-06 05:50:50,2026-10-19 22:56:21
1784,PF,Dr. Arthur Miguel Campos,nan,28100104204,nan,dr.arthur.miguel.campos.1784@example.com,55003996101759,True,2026-01-02 16:14:42,2026-10-28 08:57:08
1785,PF,Ana Ribeiro,nan,83426017733,nan,ana.ribeiro.1785@example.com,5517906794907,True,2024-04-29 03:06:44,2026-02-07 17:04:19
1786,PF,Marina Sampaio,nan,80698291255,nan,marina.sampaio.1786@example.com,5528955162159,True,2020-11-14 00:59:31,2023-07-02 00:57:13
1787,PF,Yan Vargas,nan,62232024741,nan,yan.vargas.1787@example.com,5567963536735,True,2021-01-22 15:25:05,2024-09-19 04:26:40
1788,PJ,Santos S.A.,Aparecida,63745431000105,707228834,santos.s.a.1788@example.com,5533951390143,True,2026-04-06 20:16:01,2026-08-28 12:12:47
1789,PF,Ravi Lucca das Neves,nan,42331725411,nan,ravi.lucca.das.neves.1789@example.com,55074993663579,True,2026-11-03 05:42:03,2026-11-08 19:17:35
1790,PF,Melina Vargas,nan,11249246636,nan,melina.vargas.1790@example.com,5548903007356,True,2024-01-26 04:18:11,2025-02-09 04:43:52
1791,PJ,Novais S.A.,nan,76216772000127,260825263,novais.s.a.1791@example.com,55094912886691,True,2026-01-13 07:32:20,2026-10-02 11:44:43
1792,PF,Davi Lucas Rocha,nan,86064225688,nan,davi.lucas.rocha.1792@example.com,55032914252611,True,2023-09-21 22:46:00,2026-07-21 11:14:05
1793,PJ,Vieira Ltda,Farias Pinto Ltda.,36438535000196,657446532,vieira.ltda.1793@example.com,5554941181851,True,2026-01-04 11:23:43,2026-08-29 21:10:45
1794,PF,Mateus Machado,nan,89853053799,nan,mateus.machado.1794@example.com,5580952038819,True,2026-10-27 10:05:12,2026-12-16 15:55:24
1795,PF,Pedro Miguel Silveira,nan,40146762002,nan,pedro.miguel.silveira.1795@example.com,5584918471462,True,2025-12-24 10:22:38,2026-01-06 21:12:09
1796,PJ,Alves Barbosa Ltda.,Costa da Cruz Ltda.,63126196000185,401127283,alves.barbosa.ltda.1796@example.com,5503908764770,True,2025-11-08 02:54:13,2026-10-16 01:12:47
1797,PF,Dra. Alexia Leão,nan,73293805710,nan,dra.alexia.le.o.1797@example.com,55061983762950,True,2021-09-18 14:38:50,2025-08-10 08:50:19
1798,PJ,Leão Ltda,Sales,42995114000169,162172048,le.o.ltda.1798@example.com,5586980418693,True,2024-10-04 04:08:49,2026-01-22 01:35:50
1799,PJ,Câmara e Filhos ME,Gomes da Rosa e Filhos,86903509000160,564967419,c.mara.e.filhos.me.1799@example.com,5516905390649,True,2020-01-07 18:23:14,2026-02-27 06:44:19
1800,PF,Ryan Ramos,nan,21219924997,nan,ryan.ramos.1800@example.com,5534925197018,False,2022-07-23 09:49:03,2022-11-02 06:04:58
1801,PF,Marcelo Novais,nan,43572542561,nan,marcelo.novais.1801@example.com,5513968296707,False,2020-12-27 09:12:41,2025-02-10 12:08:10
1802,PF,Erick Campos,nan,24059789704,nan,erick.campos.1802@example.com,5531993625260,True,2023-03-16 12:28:28,2025-02-01 05:03:37
1803,PJ,Cavalcanti Camargo - ME,nan,47882828000184,908875480,cavalcanti.camargo.me.1803@example.com,55093935838439,True,2022-03-24 20:05:21,2024-03-16 21:12:21
1804,PF,Antonella Abreu,nan,83843567425,nan,antonella.abreu.1804@example.com,5557935174546,True,2020-09-08 03:46:14,2026-05-05 22:05:10
1805,PJ,Vargas Sales e Filhos S.A.,Campos,80638442000105,021401283,vargas.sales.e.filhos.s.a.1805@example.com,5519955897990,True,2021-09-13 01:53:43,2023-06-14 08:49:05
1806,PF,Lucca Teixeira,nan,75853815067,nan,lucca.teixeira.1806@example.com,5571977170305,True,2024-09-15 13:57:05,2025-03-07 11:08:07
1807,PF,Sarah Machado,nan,43294098448,nan,sarah.machado.1807@example.com,5594912460516,True,2021-06-15 08:52:57,2021-07-05 01:37:40
1808,PF,Vitor Hugo da Conceição,nan,94654296603,nan,vitor.hugo.da.concei.o.1808@example.com,5595933768418,True,2022-08-08 02:05:31,2022-10-12 18:37:43
1809,PJ,Teixeira ME,Marques,98943538000134,760064345,teixeira.me.1809@example.com,5573917303324,True,2025-12-21 22:42:06,2026-04-18 10:12:17
1810,PJ,Souza Ltda,Farias,12332345000121,745104848,souza.ltda.1810@example.com,5594973181560,True,2026-07-22 10:48:33,2026-10-15 05:25:21
1811,PF,Dr. Enrico Mendes,nan,72334191671,nan,dr.enrico.mendes.1811@example.com,5579995947611,True,2022-06-07 23:32:31,2026-01-18 09:52:38
1812,PJ,Aragão - ME,Gonçalves,8717461000191,475456572,arag.o.me.1812@example.com,5597922693485,True,2024-02-15 01:31:25,2025-05-19 02:51:47
1813,PJ,Rodrigues Ltda,Teixeira S.A.,82642908000163,909846856,rodrigues.ltda.1813@example.com,5566999261382,True,2024-03-13 13:16:13,2025-10-01 09:16:43
1814,PJ,Viana ME,Andrade,86146861000106,977779570,viana.me.1814@example.com,5599962637792,False,2023-02-21 15:25:58,2026-02-13 10:53:01
1815,PJ,Azevedo ME,Araújo - ME,52573794000186,351289622,azevedo.me.1815@example.com,5568924323330,True,2022-06-07 10:15:19,2024-02-18 10:46:39
1816,PF,Henrique Pimenta,nan,17152829497,nan,henrique.pimenta.1816@example.com,5534946060694,True,2026-02-03 20:42:13,2026-11-01 07:32:33
1817,PF,Srta. Agatha Guerra,nan,79863145670,nan,srta.agatha.guerra.1817@example.com,5552935786529,True,2024-06-14 11:37:57,2025-06-26 07:39:28
1818,PF,Caleb Carvalho,nan,72800229012,nan,caleb.carvalho.1818@example.com,5553970064488,True,2023-10-08 16:24:52,2024-10-07 00:09:33
1819,PF,Dr. Vitor Mendes,nan,20413032124,nan,dr.vitor.mendes.1819@example.com,5531919804255,False,2023-06-01 16:15:52,2026-01-25 14:24:43
1820,PJ,Casa Grande EIRELI,Duarte S.A.,36221345000112,764255078,casa.grande.eireli.1820@example.com,5588978602039,True,2021-05-28 23:11:07,2026-08-03 14:58:48
1821,PJ,Cavalcante Campos S.A.,Mendes S/A,15109426000155,195866399,cavalcante.campos.s.a.1821@example.com,55087998728731,True,2023-02-21 01:47:47,2023-09-10 18:39:19
1822,PJ,Castro ME,Nunes,34655590000102,562917964,castro.me.1822@example.com,5516903328880,True,2025-08-14 17:46:59,2026-07-03 04:55:59
1823,PF,Alana Almeida,nan,61504389026,nan,alana.almeida.1823@example.com,5510928745120,True,2022-03-11 17:34:41,2026-05-11 02:26:21
1824,PJ,Rodrigues Castro e Filhos S.A.,nan,36356213000106,017545416,rodrigues.castro.e.filhos.s.a.1824@example.com,5587992104662,True,2023-10-23 10:06:50,2024-12-31 07:07:02
1825,PF,Luiza Rezende,nan,37472894605,nan,luiza.rezende.1825@example.com,5515926974420,True,2022-05-28 05:54:24,2023-07-02 04:38:03
1826,PJ,Silveira Gonçalves S/A EIRELI,Nascimento,76958218000115,548330958,silveira.gon.alves.s.a.eireli.1826@example.com,55023983680601,True,2022-03-28 16:46:16,2024-08-15 08:08:12
1827,PF,Lucas Gabriel Machado,nan,6010808316,nan,lucas.gabriel.machado.1827@example.com,5523926714858,True,2024-02-03 22:02:32,2025-06-26 15:24:43
1828,PF,Srta. Natália Abreu,nan,95699862552,NAO POSSUI,srta.nat.lia.abreu.1828@example.com,5550919679720,True,2020-12-28 04:29:04,2026-06-09 13:37:12
1829,PF,Caroline Ferreira,nan,27109072320,nan,caroline.ferreira.1829@example.com,5592901828523,True,2022-01-30 16:25:55,2025-04-27 02:05:55
1830,PJ,Santos Cassiano - EI S.A.,nan,42725390000107,704937958,santos.cassiano.ei.s.a.1830@example.com,55091958551163,True,2022-10-28 07:23:58,2026-08-07 08:15:48
1831,PJ,Barros ME,Peixoto,10913796000127,207574142,barros.me.1831@example.com,5587939626259,True,2026-03-05 08:32:50,2026-06-25 18:09:17
1832,PF,Valentim Nogueira,nan,36010847834,nan,valentim.nogueira.1832@example.com,5512949773677,True,2025-05-14 21:27:30,2026-11-09 23:47:44
1833,PF,José Pedro da Rosa,nan,97334875893,nan,jos.pedro.da.rosa.1833@example.com,5543954978729,True,2025-06-19 12:12:02,2025-08-30 20:06:31
1834,PJ,Fonseca ME,Camargo,75293046000145,564380299,fonseca.me.1834@example.com,5534980424796,True,2023-07-08 23:04:10,2024-06-30 21:03:20
1835,PF,Arthur Silveira,nan,8380802780,nan,arthur.silveira.1835@example.com,5594909165737,True,2025-12-28 18:47:44,2026-05-25 04:19:31
1836,PF,Carolina da Paz,nan,3788394030,nan,carolina.da.paz.1836@example.com,55066922549203,True,2021-11-07 22:02:49,2024-07-29 18:19:08
1837,PF,Isabel Aragão,nan,4145575571,nan,isabel.arag.o.1837@example.com,5514901527311,True,2024-03-26 09:23:18,2026-06-19 11:03:30
1838,PF,Ester Cirino,nan,90598649565,nan,ester.cirino.1838@example.com,5541947569001,True,2021-05-16 21:49:08,2023-01-03 22:47:05
1839,PF,Juliana Cardoso,nan,11455042803,nan,juliana.cardoso.1839@example.com,5533959847422,True,2024-03-18 05:52:32,2024-11-06 16:49:22
1840,PF,Zoe Porto,nan,64802996470,nan,zoe.porto.1840@example.com,5559966771539,True,2021-08-13 11:50:45,2024-11-11 02:00:31
1841,PF,Enzo Gabriel Cavalcante,nan,56041068012,nan,enzo.gabriel.cavalcante.1841@example.com,5524973650032,True,2023-08-03 15:15:26,2026-10-18 14:11:38
1842,PF,Allana Oliveira,nan,15340118975,nan,allana.oliveira.1842@example.com,5506947614427,True,2026-12-21 20:43:44,2026-12-26 04:20:08
1843,PJ,da Cruz S.A.,Dias,38640109000166,404231697,da.cruz.s.a.1843@example.com,5520967549393,True,2026-07-15 17:50:55,2026-12-02 00:01:56
1844,PF,Igor Rodrigues,nan,8285113060,nan,igor.rodrigues.1844@example.com,5569904539252,True,2020-09-04 05:02:23,2021-09-29 07:41:30
1845,PF,Olivia Novais,nan,66140159741,nan,olivia.novais.1845@example.com,5557933813307,True,2025-09-12 07:22:20,2026-08-08 05:09:53
1846,PJ,da Mota Fernandes S.A.,Aragão Cirino S.A.,34323497000109,641224740,da.mota.fernandes.s.a.1846@example.com,5585937203350,True,2024-07-26 21:33:16,2026-06-18 21:45:38
1847,PJ,Barbosa Ltda,Aragão,17545994000124,232510715,barbosa.ltda.1847@example.com,5558970940422,True,2025-12-21 00:52:18,2026-04-27 21:53:27
1848,PF,Letícia Fernandes,nan,87958786611,nan,let.cia.fernandes.1848@example.com,5541919925512,True,2023-08-08 07:17:40,2026-11-26 20:11:43
1849,PF,Sr. Thomas Andrade,nan,70801376670,nan,sr.thomas.andrade.1849@example.com,55081991350534,True,2025-12-11 17:11:41,2026-01-22 06:38:39
1850,PF,Jade Teixeira,nan,87529333500,nan,jade.teixeira.1850@example.com,5597915755716,True,2025-07-12 17:19:38,2025-08-16 08:10:03
1851,PJ,da Conceição EIRELI,nan,36904147000153,282463061,da.concei.o.eireli.1851@example.com,5521985635200,True,2021-03-15 18:01:55,2022-01-04 06:41:14
1852,PF,Maya Barbosa,nan,43810839973,nan,maya.barbosa.1852@example.com,5504920598685,True,2020-12-27 23:50:21,2025-07-23 19:29:24
1853,PJ,Peixoto S.A.,Marques,16010370000140,143360809,peixoto.s.a.1853@example.com,5510914610392,True,2024-07-01 09:48:43,2024-12-26 16:34:43
1854,PJ,Moraes ME,Nascimento - EI,15110815000109,304616388,moraes.me.1854@example.com,5568978518569,True,2026-01-13 11:13:28,2026-06-18 10:28:32
1855,PJ,Ferreira e Filhos Ltda,Ribeiro - EI,99421918000171,656882672,ferreira.e.filhos.ltda.1855@example.com,5500972720814,True,2024-12-13 00:12:42,2026-02-13 02:30:40
1856,PJ,Cassiano S.A.,Marques Costela Ltda.,16028603000131,640783083,cassiano.s.a.1856@example.com,5569978999514,True,2021-03-11 22:01:08,2026-03-19 16:22:16
1857,PF,Dr. Yan Costela,nan,82430636689,nan,dr.yan.costela.1857@example.com,5571946749066,True,2021-06-26 20:25:14,2023-10-27 10:31:36
1858,PJ,Machado EIRELI,Azevedo,68511228000180,857116456,machado.eireli.1858@example.com,5559956343180,True,2022-02-23 13:15:07,2024-07-04 10:59:52
1859,PJ,Costela S.A.,Almeida Silveira S/A,48251926000186,258565337,costela.s.a.1859@example.com,55073903167871,True,2023-03-31 22:46:22,2024-02-28 23:43:56
1860,PF,Elisa Leão,nan,80072266562,nan,elisa.le.o.1860@example.com,5554987201240,True,2020-01-17 21:51:32,2026-04-21 06:43:49
1861,PJ,Freitas da Rocha Ltda.,Alves,71740757000160,054908099,freitas.da.rocha.ltda.1861@example.com,5539976738872,True,2025-07-22 01:24:14,2025-12-17 05:15:17
1862,PF,Marcos Vinicius Brito,nan,91687615896,nan,marcos.vinicius.brito.1862@example.com,5530934383000,True,2025-07-18 07:39:53,2026-12-18 23:59:28
1863,PF,Anna Liz da Rocha,nan,65191696336,nan,anna.liz.da.rocha.1863@example.com,5552994930741,True,2023-03-15 23:32:00,2023-05-24 00:30:40
1864,PJ,Nunes S.A.,Dias,48370760000117,466289735,nunes.s.a.1864@example.com,5589962252756,True,2026-06-06 23:26:42,2026-11-18 11:42:18
1865,PJ,Abreu S.A.,da Cruz Andrade S.A.,46647167000140,340567712,abreu.s.a.1865@example.com,5515989041828,True,2020-06-12 03:35:25,2022-05-15 05:12:04
1866,PF,Lucca Azevedo,nan,62445755395,nan,lucca.azevedo.1866@example.com,5566908123927,True,2023-10-14 12:13:16,2025-11-06 06:14:03
1867,PF,Laís Vargas,nan,95227247005,nan,la.s.vargas.1867@example.com,5579909863615,True,2020-05-01 19:07:25,2020-06-09 06:27:01
1868,PJ,Melo Gonçalves - EI ME,nan,94881732000181,584442022,melo.gon.alves.ei.me.1868@example.com,5582948863137,True,2024-10-24 13:02:30,2026-04-24 20:56:50
1869,PJ,Martins Barbosa Ltda.,nan,20206914000110,503118026,martins.barbosa.ltda.1869@example.com,5591941939606,True,2024-12-14 07:32:59,2026-04-24 07:50:09
1870,PJ,Alves Ltda.,Viana,43726988000183,189119925,alves.ltda.1870@example.com,5592947688341,True,2025-04-29 02:21:36,2026-02-01 03:44:25
1871,PF,Henry da Luz,nan,77990684268,nan,henry.da.luz.1871@example.com,5541931811814,True,2021-02-18 08:53:29,2022-12-25 06:18:17
1872,PF,Luigi Barros,nan,46260717407,nan,luigi.barros.1872@example.com,5525917904470,True,2022-08-30 05:23:04,2023-07-01 19:45:12
1873,PJ,Leão Ltda,nan,89666476000170,094067148,le.o.ltda.1873@example.com,55083910314564,True,2026-03-10 22:50:40,2026-10-31 15:51:05
1874,PF,Dr. Davi Lucas Teixeira,nan,60735926042,nan,dr.davi.lucas.teixeira.1874@example.com,55075979407403,True,2025-07-22 23:50:07,2026-12-29 01:52:22
1875,PF,Rael da Luz,nan,81027278884,nan,rael.da.luz.1875@example.com,5599998709339,True,2022-01-23 13:56:07,2024-07-26 13:03:19
1876,PF,Ian Gonçalves,nan,21001734726,nan,ian.gon.alves.1876@example.com,5541926410603,True,2023-07-21 01:19:29,2025-09-18 06:52:56
1877,PF,Paulo Teixeira,nan,71070674001,nan,paulo.teixeira.1877@example.com,55053918057631,True,2025-06-14 09:55:26,2025-09-30 10:16:32
1878,PF,Ana Carolina Barros,nan,58324543325,nan,ana.carolina.barros.1878@example.com,5589965461253,True,2021-08-24 13:46:31,2021-12-21 18:33:01
1879,PF,Ana Carolina Gomes,nan,81303450054,nan,ana.carolina.gomes.1879@example.com,5500947486794,True,2022-10-05 22:25:10,2023-12-16 18:21:05
1880,PJ,Vasconcelos ME,Moraes,57941509000156,481703610,vasconcelos.me.1880@example.com,5577901773759,True,2025-12-05 19:09:51,2026-03-27 21:02:00
1881,PF,Gael Henrique Costa,nan,87022979308,nan,gael.henrique.costa.1881@example.com,5578911171960,True,2025-04-23 03:22:03,2026-08-16 22:34:49
1882,PF,João Lucas Pimenta,nan,45697065841,nan,jo.o.lucas.pimenta.1882@example.com,5521944415596,False,2025-08-04 00:03:00,2025-12-08 17:54:08
1883,PF,Lara da Conceição,nan,65420457083,nan,lara.da.concei.o.1883@example.com,5538949655239,False,2022-10-19 14:06:45,2025-05-23 07:11:29
1884,PF,Rhavi Vasconcelos,nan,62888995697,nan,rhavi.vasconcelos.1884@example.com,5533953004999,True,2020-03-23 03:15:02,2021-09-18 05:42:36
1885,PJ,Gomes Pires - ME,Cunha,14883463000153,619773173,gomes.pires.me.1885@example.com,5546924872385,True,2026-07-15 01:52:58,2026-12-20 04:19:56
1886,PJ,Farias EIRELI,nan,98509674000110,392768714,farias.eireli.1886@example.com,5534993179670,True,2023-05-14 00:37:04,2026-09-12 03:46:16
1887,PF,Alana Fonseca,nan,9004042130,nan,alana.fonseca.1887@example.com,5581973579211,True,2021-12-23 00:49:48,2022-07-22 15:40:09
1888,PJ,Carvalho ME,Alves,42735871000101,698935464,carvalho.me.1888@example.com,5539989701455,True,2022-04-17 02:02:14,2025-04-03 06:47:58
1889,PJ,Abreu Ltda,nan,12742678000129,393427186,abre.ultda.1889@example.com,5592955290509,True,2020-06-03 17:54:32,2022-04-16 16:42:29
1890,PF,Mathias Aragão,nan,6344896582,nan,mathias.arag.o.1890@example.com,5501910156161,True,2026-06-18 04:25:26,2026-07-02 05:11:06
1891,PJ,Correia Ltda,Viana,84441567000193,498121300,correia.ltda.1891@example.com,5582938469908,True,2021-05-31 14:15:52,2022-02-25 04:30:37
1892,PF,Pietra Cardoso,nan,44574535105,nan,pietra.cardoso.1892@example.com,5531904481773,True,2020-04-13 17:11:21,2025-10-09 02:15:26
1893,PJ,Fonseca Ltda,Silveira,35599863000101,619221882,fonseca.ltda.1893@example.com,55006931864176,False,2026-12-27 22:36:56,2026-12-29 17:48:18
1894,PF,Henry Gabriel Alves,nan,98496663825,nan,henry.gabriel.alves.1894@example.com,55036941693683,True,2023-07-11 07:25:31,2024-09-02 22:54:20
1895,PF,Sr. Noah Martins,nan,8545089538,nan,sr.noah.martins.1895@example.com,5540932391932,True,2020-03-13 07:49:13,2022-03-17 23:42:03
1896,PF,Sr. Vitor Cassiano,nan,26786952470,nan,sr.vitor.cassiano.1896@example.com,5571926937949,True,2020-11-10 17:33:20,2026-02-12 17:25:13
1897,PF,Luna Cavalcante,nan,77864963196,nan,luna.cavalcante.1897@example.com,55052996444843,True,2023-01-01 01:26:12,2026-10-29 07:50:42
1898,PJ,Vargas ME,nan,88243109000109,868111433,vargas.me.1898@example.com,5564909805877,True,2024-04-20 06:25:41,2025-12-29 13:02:16
1899,PF,Lucas Gabriel Dias,nan,43018594118,nan,lucas.gabriel.dias.1899@example.com,5590962787902,True,2026-03-28 22:27:58,2026-11-10 02:26:36
1900,PF,Sr. Dom Almeida,nan,79963645402,nan,sr.dom.almeida.1900@example.com,5563972162660,True,2021-06-12 20:50:23,2024-06-22 05:46:22
1901,PF,Diogo Correia,nan,86404032791,nan,diogo.correia.1901@example.com,5584918029559,True,2025-11-18 12:04:54,2026-03-07 00:21:04
1902,PF,Rebeca Martins,nan,59103153231,nan,rebeca.martins.1902@example.com,5579939579551,True,2025-12-22 12:49:55,2026-08-15 19:18:12
1903,PF,Clara da Cunha,nan,69104934865,nan,clara.da.cunha.1903@example.com,55041911736703,True,2023-06-16 19:03:48,2025-05-15 12:11:53
1904,PJ,Casa Grande ME,Gonçalves,41516397000156,761125842,casa.grande.me.1904@example.com,5530908056308,True,2022-11-19 04:07:23,2023-12-10 23:31:38
1905,PF,Srta. Eloah Pires,nan,14796181016,nan,srta.eloah.pires.1905@example.com,5582987321078,True,2020-10-10 09:04:51,2021-02-13 06:48:03
1906,PF,Gabriela Barros,nan,29881745047,nan,gabriela.barros.1906@example.com,55073965485220,True,2021-05-10 13:53:02,2025-08-27 19:01:52
1907,PF,Catarina Abreu,nan,44351975539,nan,catarina.abreu.1907@example.com,5597908428741,True,2022-04-23 21:04:39,2023-03-04 12:12:41
1908,PJ,Rodrigues EIRELI,nan,14768227000196,279636512,rodrigues.eireli.1908@example.com,5555951005108,False,2021-07-20 17:22:56,2026-03-19 15:36:44
1909,PF,Kevin Sales,nan,18856758873,nan,kevin.sales.1909@example.com,5542926230036,True,2023-07-11 19:10:20,2026-11-24 23:40:21
1910,PJ,Machado S.A.,da Costa Duarte S/A,1001748000171,283034243,machado.s.a.1910@example.com,55053991692809,True,2020-09-12 05:29:51,2025-04-06 11:14:35
1911,PJ,Leão e Filhos S.A.,Câmara,16619708000165,166968740,le.o.e.filhos.s.a.1911@example.com,5530945441061,True,2024-02-22 22:08:11,2025-05-12 03:55:45
1912,PF,Maria Júlia da Luz,nan,24884262964,nan,maria.j.lia.da.luz.1912@example.com,5570908445801,True,2025-05-25 15:13:09,2025-06-19 11:45:08
1913,PJ,Siqueira S.A.,Mendonça - ME,20679085000193,429628092,siqueira.s.a.1913@example.com,5511950509699,True,2020-12-15 20:49:25,2021-04-24 21:50:15
1914,PF,Sra. Beatriz Siqueira,nan,97094385650,nan,sra.beatriz.siqueira.1914@example.com,5515925523228,True,2020-02-05 12:50:16,2023-08-24 16:05:00
1915,PF,Luan Montenegro,nan,67693997334,nan,luan.montenegro.1915@example.com,5537974354047,True,2020-03-25 22:49:33,2020-05-30 14:57:59
1916,PF,Emanuella Fernandes,nan,37679700400,nan,emanuella.fernandes.1916@example.com,5595901115255,True,2020-03-09 00:18:56,2023-01-06 07:10:52
1917,PJ,Cirino ME,nan,64372025000107,778882603,cirino.me.1917@example.com,5574989030458,True,2023-05-09 09:52:46,2026-07-01 18:19:13
1918,PJ,Santos - EI ME,Campos,54210468000130,861422935,santos.ei.me.1918@example.com,5545992055967,True,2023-12-04 23:26:29,2024-06-09 04:02:25
1919,PF,Dr. Thales Peixoto,nan,73103962193,nan,dr.thales.peixoto.1919@example.com,5511937983045,True,2021-10-19 08:51:11,2023-02-11 05:21:06
1920,PJ,Jesus EIRELI,Macedo da Cunha Ltda.,16421904000120,116089589,jesus.eireli.1920@example.com,55001952213368,False,2024-11-20 15:06:55,2025-08-19 18:11:52
1921,PF,Maria Flor Araújo,nan,3069909205,nan,maria.flor.ara.jo.1921@example.com,5583947612898,True,2026-01-27 05:36:30,2026-05-09 17:42:19
1922,PF,Heloísa Abreu,nan,59370311726,nan,helo.sa.abreu.1922@example.com,55046911399799,True,2026-01-22 10:32:36,2026-09-27 05:19:36
1923,PF,Ravi Lucca Caldeira,nan,99257032639,nan,ravi.lucca.caldeira.1923@example.com,5560933878852,True,2026-11-04 07:05:19,2026-11-11 10:38:45
1924,PF,Maria Clara Siqueira,nan,91685972748,nan,maria.clara.siqueira.1924@example.com,5598968184397,True,2020-01-20 18:48:38,2026-02-24 20:44:58
1925,PJ,Sampaio ME,nan,53510623000170,309007379,sampaio.me.1925@example.com,5599994457444,True,2024-12-26 14:31:53,2025-12-21 12:14:19
1926,PJ,Aparecida - ME,Pacheco,57303049000130,262654347,aparecida.me.1926@example.com,5591960435983,True,2023-04-02 13:26:46,2026-05-07 20:38:43
1927,PJ,Pires EIRELI,Martins - EI,52785751000164,965857837,pires.eireli.1927@example.com,5568916784340,True,2020-01-30 12:35:24,2021-09-08 16:37:29
1928,PJ,Sales ME,Araújo Macedo e Filhos,16032967000195,177613500,sales.me.1928@example.com,55088936922338,False,2026-06-10 23:17:00,2026-08-09 09:14:17
1929,PF,Dr. Anthony Gabriel da Costa,nan,56621897065,nan,dr.anthony.gabriel.da.costa.1929@example.com,5569999528502,True,2024-08-10 15:58:48,2025-06-13 00:57:19
1930,PF,Caio Teixeira,nan,69597727960,nan,caio.teixeira.1930@example.com,55065932735514,False,2025-01-06 10:00:47,2025-08-08 19:22:53
1931,PJ,Cassiano EIRELI,Peixoto,44586465000141,032234771,cassiano.eireli.1931@example.com,5569950935555,True,2024-05-16 04:01:46,2025-11-08 09:12:35
1932,PF,Sra. Ana Cecília Cassiano,nan,91523271329,nan,sra.ana.cec.lia.cassiano.1932@example.com,5506917413644,True,2023-12-09 20:05:13,2026-02-01 03:38:19
1933,PJ,Nunes ME,nan,50332026000105,476121893,nunes.me.1933@example.com,5512970650761,False,2020-08-19 06:38:47,2023-06-25 19:00:10
1934,PF,Enzo Gabriel Cassiano,nan,15775702352,nan,enzo.gabriel.cassiano.1934@example.com,5530956446853,True,2025-08-01 20:31:33,2026-08-24 18:23:21
1935,PF,Alana da Cunha,nan,4739027291,nan,alana.da.cunha.1935@example.com,5555959502635,True,2021-10-18 11:20:05,2025-05-08 19:52:03
1936,PJ,Abreu S.A.,Monteiro,22244752000130,789433276,abreu.s.a.1936@example.com,5599904600823,True,2024-10-27 01:43:06,2025-05-06 06:08:19
1937,PF,Maria Flor Silveira,nan,19867016033,nan,maria.flor.silveira.1937@example.com,55069902220975,True,2021-01-12 12:25:26,2022-09-06 04:52:13
1938,PJ,Rocha EIRELI,nan,56972572000197,061790670,rocha.eireli.1938@example.com,5551920039344,True,2021-06-16 21:42:23,2026-03-24 03:16:20
1939,PF,Ana Beatriz Marques,nan,33907057325,nan,ana.beatriz.marques.1939@example.com,5597921621833,True,2024-03-24 13:02:19,2026-02-21 03:40:01
1940,PF,Isabel Pastor,nan,66265547003,nan,isabel.pastor.1940@example.com,5592996921053,True,2026-03-19 09:10:23,2026-12-01 07:30:39
1941,PJ,Mendes S/A ME,nan,51414449000137,226008228,mendes.s.a.me.1941@example.com,5577942705498,True,2020-10-05 08:13:56,2023-07-21 12:51:38
1942,PJ,Mendonça EIRELI,Vieira,76171649000137,282063228,mendon.a.eireli.1942@example.com,5512969804466,True,2023-04-16 07:37:35,2026-10-27 09:08:00
1943,PJ,Montenegro EIRELI,Carvalho,31942599000106,476096064,montenegro.eireli.1943@example.com,55024952573787,True,2020-11-20 14:33:52,2021-01-05 08:11:17
1944,PF,Sra. Olivia Monteiro,nan,84747112073,nan,sra.olivia.monteiro.1944@example.com,5584907094657,True,2020-04-07 06:23:49,2021-12-24 01:23:51
1945,PF,Natália Vasconcelos,nan,14736980575,nan,nat.lia.vasconcelos.1945@example.com,5561929889728,True,2020-11-26 17:43:03,2024-11-28 22:36:49
1946,PF,Eduardo Guerra,nan,51508076561,nan,eduardo.guerra.1946@example.com,5509928261641,True,2025-12-05 09:45:00,2026-08-15 05:58:58
1947,PF,Amanda Abreu,nan,63712982089,nan,amanda.abreu.1947@example.com,5537918605668,True,2026-01-15 01:21:35,2026-09-17 11:33:43
1948,PF,Alexia Vieira,nan,47113354718,nan,alexia.vieira.1948@example.com,5516964795127,True,2020-06-12 02:43:09,2025-07-04 18:52:10
1949,PF,Valentina Correia,nan,28890349093,nan,valentina.correia.1949@example.com,5524928535416,True,2020-03-27 18:39:24,2026-12-12 08:42:37
1950,PJ,Barros - EI ME,Pimenta - EI,45612150000194,480870170,barros.ei.me.1950@example.com,5567915207710,True,2023-09-21 20:54:14,2026-11-13 06:13:29
1951,PF,Laura Araújo,nan,21385877383,nan,laura.ara.jo.1951@example.com,5533968957967,True,2022-12-01 16:21:46,2023-10-01 10:47:15
1952,PF,Srta. Laís Jesus,nan,71325248959,nan,srta.la.s.jesus.1952@example.com,5505911090070,True,2022-04-10 13:50:23,2024-08-25 14:43:42
1953,PJ,Monteiro - EI Ltda,Alves,27352120000104,205025497,monteiro.ei.ltda.1953@example.com,55039920102975,True,2023-01-28 02:28:08,2025-09-06 10:29:52
1954,PF,Olívia da Mata,nan,63386752780,nan,ol.via.da.mata.1954@example.com,55053996597442,True,2022-06-13 21:41:15,2025-10-28 13:25:19
1955,PF,Sr. Matheus Ribeiro,nan,66406772610,nan,sr.matheus.ribeiro.1955@example.com,5542904164153,True,2024-08-21 15:57:32,2024-12-24 21:07:17
1956,PF,Lavínia Aparecida,nan,76728574107,nan,lav.nia.aparecida.1956@example.com,5513937937669,True,2025-07-27 10:23:57,2026-07-02 20:31:32
1957,PF,Melissa Garcia,nan,29286160631,nan,melissa.garcia.1957@example.com,5516908557174,True,2020-04-26 03:31:36,2020-05-28 09:53:35
1958,PJ,Fonseca - EI Ltda,Pimenta,86977552000170,688144990,fonseca.ei.ltda.1958@example.com,5503958624057,True,2025-06-29 14:42:31,2026-10-26 06:10:38
1959,PF,João Farias,nan,87155950050,nan,jo.o.farias.1959@example.com,5599998632453,True,2026-01-08 17:56:30,2026-03-15 20:16:41
1960,PF,Sr. Pedro Lucas Sousa,nan,76890805968,nan,sr.pedro.lucas.sousa.1960@example.com,5511911085184,True,2024-05-07 04:54:14,2026-09-06 06:23:42
1961,PF,Mariana Moraes,nan,42879016142,nan,mariana.moraes.1961example.com,5585993213596,True,2025-01-20 20:27:01,2026-05-09 22:10:17
1962,PF,Theodoro Rios,nan,41491883197,nan,theodoro.rios.1962@example.com,5507934800226,True,2026-01-08 17:08:33,2026-04-03 04:11:34
1963,PF,Eduardo Ferreira,nan,2817513746,nan,eduardo.ferreira.1963@example.com,5572905548298,True,2023-08-22 10:40:12,2024-12-09 09:48:23
1964,PF,Bella Silva,nan,44302913908,nan,bella.silva.1964@example.com,5521947498474,True,2025-09-13 07:05:27,2026-07-23 17:22:13
1965,PF,Alana da Rocha,nan,38505305582,nan,alana.da.rocha.1965@example.com,55093971784721,True,2026-10-05 19:19:38,2026-11-04 00:48:15
1966,PJ,Lopes ME,Marques S.A.,55951255000121,758045292,lopes.me.1966@example.com,5576998897988,True,2022-11-29 08:01:43,2023-05-07 14:18:51
1967,PJ,Melo ME,da Rocha,4376214000118,458474134,melo.me.1967@example.com,5519929360596,True,2020-12-03 21:44:04,2025-08-13 19:15:11
1968,PJ,Sampaio Marques Ltda.,Sampaio - EI,91600611000126,346389012,sampaio.marques.ltda.1968@example.com,5584947936561,True,2020-01-26 02:33:58,2023-11-04 11:57:26
1969,PF,Luiz Miguel Jesus,nan,44373922217,nan,luiz.miguel.jesus.1969@example.com,5562923070659,True,2026-09-28 22:44:34,2026-11-12 04:52:02
1970,PJ,Moreira ME,Dias S.A.,1162833000111,160227433,moreira.me.1970@example.com,5537927186244,True,2026-11-07 19:33:25,2026-12-06 18:41:28
1971,PJ,Fogaça ME,Correia,35746464000126,112138078,foga.a.me.1971@example.com,55087980661545,True,2024-03-12 04:36:06,2026-09-21 23:45:11
1972,PF,Sophia Farias,nan,50987381806,nan,sophia.farias.1972@example.com,5566935654180,True,2022-04-07 18:56:48,2023-06-16 12:47:08
1973,PF,Yuri Rodrigues,nan,24599012327,nan,yuri.rodrigues.1973@example.com,5525921288669,True,2022-05-08 20:06:26,2023-06-27 04:59:03
1974,PJ,Dias - EI S.A.,nan,94065405000151,469984288,dias.ei.s.a.1974@example.com,55084970520313,True,2024-11-25 13:19:27,2026-05-10 23:17:25
1975,PJ,Pimenta Nogueira - EI Ltda,nan,14057379000180,712320366,pimenta.nogueira.ei.ltda.1975@example.com,5564927786268,True,2021-02-18 01:03:13,2021-03-07 11:51:16
1976,PJ,Cirino EIRELI,Casa Grande,62443335000131,876032087,cirino.eireli.1976@example.com,55083947106283,True,2022-09-08 15:20:21,2023-11-27 13:10:38
1977,PF,João Felipe Porto,nan,83752795107,nan,jo.o.felipe.porto.1977@example.com,5557935623277,True,2021-05-27 06:40:03,2026-03-08 12:40:49
1978,PF,Ana Carolina Araújo,nan,9952362323,nan,ana.carolina.ara.jo.1978@example.com,5553958597302,True,2023-09-11 04:18:01,2024-09-07 03:25:38
1979,PJ,Câmara ME,Cavalcante Novaes Ltda.,81929083000108,704240255,c.mara.me.1979@example.com,5546989397704,True,2025-10-03 03:52:25,2026-07-15 18:20:09
1980,PF,Cauã Leão,nan,4933488835,nan,cau.le.o.1980@example.com,55088915964673,True,2026-02-09 01:12:50,2026-06-27 05:38:29
1981,PF,Maria Júlia Viana,nan,53358819094,nan,maria.j.lia.viana.1981@example.com,5569904484673,True,2025-11-20 01:58:52,2026-02-24 18:30:50
1982,PF,Francisco Silva,nan,99392351194,nan,francisco.silva.1982@example.com,55091924895587,True,2025-03-07 03:16:52,2026-12-03 11:36:00
1983,PF,Sra. Ana Albuquerque,nan,58714926571,nan,sra.ana.albuquerque.1983@example.com,5523994599426,True,2021-03-08 08:42:47,2024-01-04 17:55:30
1984,PF,Arthur Gabriel Mendonça,nan,14108491980,nan,arthur.gabriel.mendon.a.1984@example.com,5508995301203,True,2025-07-30 05:20:31,2026-12-30 11:54:47
1985,PJ,Oliveira Moraes S/A ME,da Costa e Filhos,31581276000134,871628335,oliveira.moraes.s.a.me.1985@example.com,5589905810801,True,2020-05-30 07:43:30,2025-09-25 15:55:08
1986,PJ,Cunha ME,Marques da Mota S.A.,39300065000198,567027728,cunha.me.1986@example.com,55015965969579,True,2023-12-03 01:58:54,2025-02-17 09:56:33
1987,PF,Laís Fogaça,nan,58426746020,nan,la.s.foga.a.1987@example.com,55059959955055,False,2022-04-18 20:33:42,2025-12-03 14:05:32
1988,PJ,Sales Pires - ME,nan,48383550000163,291714854,sales.pires.me.1988@example.com,5583995252520,True,2022-09-01 16:50:45,2024-03-30 20:56:44
1989,PJ,Rios EIRELI,Vasconcelos Teixeira S/A,41938218000179,651192145,rios.eireli.1989@example.com,55044952030276,False,2023-06-19 05:08:47,2026-10-11 02:50:01
1990,PF,Julia Martins,nan,93857983086,nan,julia.martins.1990@example.com,5508982403532,True,2021-04-23 08:52:57,2025-11-19 06:52:26
1991,PJ,Viana S.A.,da Paz,98465911000199,029363409,viana.s.a.1991@example.com,5512918052579,True,2022-10-15 13:05:20,2026-02-04 00:08:56
1992,PJ,Pacheco ME,nan,31259706000104,900479412,pacheco.me.1992@example.com,5525946018911,True,2024-08-12 16:24:52,2024-10-17 04:51:04
1993,PJ,João da Silva,da Luz Montenegro e Filhos,71144208000122,571339962,da.rosa.sousa.e.filhos.s.a.1993@example.com,55068961273421,True,2020-09-06 00:58:07,2023-05-06 20:13:35
1994,PJ,Cassiano S/A EIRELI,Pinto Borges e Filhos,71446903000149,381301494,cassiano.s.a.eireli.1994@example.com,5502998908881,True,2025-11-30 04:05:11,2026-12-15 12:28:18
1995,PF,Maria Helena Rocha,nan,7385470343,nan,maria.helena.rocha.1995@example.com,5545923191990,True,2021-04-01 03:08:51,2022-07-09 14:47:50
1996,PJ,Azevedo Rios S.A.,nan,4862455000177,356831723,azevedo.rios.s.a.1996@example.com,5567904171038,True,2022-12-04 14:32:16,2025-07-26 16:49:05
1997,PJ,Pinto S/A S.A.,nan,69626624000115,874050133,pinto.s.a.s.a.1997@example.com,55003944956071,True,2020-12-08 17:10:31,2023-06-07 15:03:33
1998,PJ,Moreira S.A.,Vargas,27776125000164,650775257,moreira.s.a.1998@example.com,55031963160378,True,2025-12-07 05:51:09,2026-06-15 19:47:50
1999,PF,Srta. Ayla Rezende,nan,44626684998,nan,srta.ayla.rezende.1999@example.com,5557903996306,True,2024-10-17 22:01:32,2024-12-14 10:19:07
2000,PF,Nicole Almeida,nan,48730094135,nan,nicole.almeida.2000@example.com,5559994696693,True,2021-11-12 00:18:49,2023-07-06 17:34:08
